Marital status,Application mode,Application order,Course,Daytime/evening attendance	,Previous qualification,Previous qualification (grade),Nacionality,Mother's qualification,Father's qualification,Mother's occupation,Father's occupation,Admission grade,Displaced,Educational special needs,Debtor,Tuition fees up to date,Gender,Scholarship holder,Age at enrollment,International,Curricular units 1st sem (credited),Curricular units 1st sem (enrolled),Curricular units 1st sem (evaluations),Curricular units 1st sem (approved),Curricular units 1st sem (grade),Curricular units 1st sem (without evaluations),Curricular units 2nd sem (credited),Curricular units 2nd sem (enrolled),Curricular units 2nd sem (evaluations),Curricular units 2nd sem (approved),Curricular units 2nd sem (grade),Curricular units 2nd sem (without evaluations),Unemployment rate,Inflation rate,GDP,Target
1,1,1,9238,1,1,130.0,1,1,1,4,4,128.0,0,0,0,1,0,0,20,0,0,6,10,4,11.0,0,0,6,10,5,11.5,0,7.6,2.6,0.32,1
1,39,1,9130,1,1,120.0,1,38,38,9,9,118.0,0,0,0,1,1,0,23,0,0,6,7,4,11.5,0,0,6,9,4,12.0,0,11.1,0.6,2.02,0
1,1,1,9147,1,1,133.0,1,1,1,9,9,127.0,1,0,0,1,0,0,19,0,0,6,10,5,11.0,0,0,6,11,5,11.5,0,7.6,2.6,0.32,1
1,39,1,9003,1,1,133.1,1,1,1,2,4,119.0,0,0,1,0,1,0,24,0,0,3,4,0,0.0,0,0,3,4,0,0.0,0,16.2,0.3,-0.92,0
1,17,1,9070,1,1,135.0,1,37,38,4,5,128.0,1,0,0,1,0,0,19,0,0,6,12,5,11.0,0,0,6,13,6,12.0,0,12.4,0.5,1.79,1
1,1,1,9147,1,1,125.0,1,19,38,3,3,120.0,1,0,0,1,0,0,21,0,0,5,9,3,10.5,0,0,5,10,3,11.0,0,7.6,2.6,0.32,1
1,39,1,9085,1,1,133.1,1,37,37,9,9,120.0,0,0,0,1,1,0,26,0,0,6,0,0,0.0,0,0,6,0,0,0.0,0,11.1,0.6,2.02,0
1,1,1,9238,1,1,135.0,1,37,37,9,9,130.0,1,0,0,1,0,0,19,0,0,6,11,5,11.5,0,0,6,10,5,12.0,0,7.6,2.6,0.32,1
1,1,1,9085,1,1,128.0,1,1,1,4,7,125.0,1,0,0,1,0,0,19,0,0,5,10,3,11.0,0,0,6,10,3,11.5,0,11.1,0.6,2.02,0
1,39,1,9003,1,1,133.1,1,4,1,2,4,120.0,0,0,0,1,1,0,23,0,0,3,4,0,0.0,0,0,3,5,0,0.0,0,16.2,0.3,-0.92,0
1,1,1,9238,1,1,130.0,1,37,37,9,9,130.0,1,0,0,1,0,0,19,0,0,6,10,5,11.0,0,0,6,11,5,11.5,0,7.6,2.6,0.32,1
1,1,1,9147,1,1,130.0,1,1,1,4,4,120.0,1,0,0,1,1,0,21,0,0,5,10,3,11.0,0,0,5,10,3,11.0,0,7.6,2.6,0.32,1
1,1,1,9085,1,1,120.0,1,19,19,4,7,118.0,1,0,0,1,0,0,19,0,0,5,8,3,11.0,0,0,5,9,3,12.0,0,10.8,1.4,1.74,0
1,1,1,9773,1,1,130.0,1,1,1,4,4,120.0,1,0,0,1,0,0,19,0,0,6,8,4,11.0,0,0,6,10,4,11.5,0,10.8,1.4,1.74,1
1,39,1,9119,1,1,115.0,1,37,37,9,9,110.0,0,0,0,1,1,0,29,0,0,5,7,3,10.5,0,0,5,9,3,11.0,0,16.2,0.3,-0.92,0
1,1,1,9147,1,1,135.0,1,1,1,4,4,125.0,1,0,0,1,0,0,20,0,0,5,10,3,11.0,0,0,5,10,3,11.0,0,7.6,2.6,0.32,1
1,1,1,9147,1,1,120.0,1,1,1,3,3,115.0,1,0,0,1,1,0,20,0,0,5,7,3,11.0,0,0,5,7,3,11.0,0,10.8,1.4,1.74,1
1,43,1,9003,1,1,130.0,1,37,37,9,9,125.0,0,0,0,1,0,0,21,0,0,6,11,5,11.5,0,0,6,10,4,11.0,0,12.7,3.7,-1.7,0
1,1,1,9147,1,1,120.0,1,1,1,1,1,118.0,1,0,0,1,1,0,20,0,0,5,8,3,11.0,0,0,5,10,3,12.0,0,10.8,1.4,1.74,1
1,39,1,9085,1,1,130.0,1,37,37,9,9,120.0,1,0,0,1,1,0,25,0,0,6,10,4,11.0,0,0,6,12,4,12.0,0,12.7,3.7,-1.7,0
1,17,1,9147,1,1,125.0,1,19,19,7,7,120.0,1,0,0,1,1,0,20,0,0,5,9,3,11.0,0,0,5,10,3,12.0,0,10.8,1.4,1.74,1
1,1,1,9147,1,1,120.0,1,1,1,9,9,115.0,1,0,0,1,1,0,18,0,0,5,6,0,0.0,0,0,5,5,0,0.0,0,7.6,2.6,0.32,1
1,1,1,9500,1,1,130.0,1,37,37,9,9,125.0,0,0,0,1,1,0,22,0,0,7,10,5,12.0,0,0,7,10,5,12.0,0,10.8,1.4,1.74,1
1,17,2,9773,1,1,120.0,1,3,3,2,3,118.0,1,0,0,1,1,0,19,0,0,6,9,4,11.0,0,0,6,12,4,12.0,0,13.9,-0.3,0.79,1
1,1,1,9147,1,1,130.0,1,37,37,9,9,120.0,1,0,0,1,1,0,19,0,0,5,8,2,10.0,0,0,5,8,2,10.0,0,10.8,1.4,1.74,1
1,39,1,9085,1,1,130.0,1,37,37,9,9,120.0,1,0,1,1,0,0,30,0,0,6,10,4,11.0,0,0,6,10,4,11.0,0,16.2,0.3,-0.92,0
1,17,1,9670,1,1,127.0,1,3,3,2,3,121.4,0,0,0,1,1,0,19,0,0,6,10,4,11.0,0,0,6,10,4,11.0,0,15.5,2.8,-4.06,1
1,39,1,9003,1,1,100.0,1,37,37,9,9,100.0,0,0,0,1,1,0,35,0,0,6,0,0,0.0,0,0,6,0,0,0.0,0,12.7,3.7,-1.7,0
1,1,1,9147,1,1,120.0,1,1,1,9,9,115.0,1,0,0,1,1,0,20,0,0,5,8,3,11.0,0,0,5,10,3,12.0,0,10.8,1.4,1.74,1
1,39,1,9085,1,1,130.0,1,37,37,9,9,120.0,1,0,1,1,0,0,28,0,0,5,13,4,11.25,1,0,5,11,4,10.5,0,12.7,3.7,-1.7,1
1,1,1,9147,1,1,130.0,1,37,37,9,9,120.0,1,0,0,1,1,0,20,0,0,5,9,0,0.0,0,0,5,9,0,0.0,0,7.6,2.6,0.32,1
1,17,1,9670,1,1,127.0,1,3,3,2,3,121.4,0,0,0,1,1,0,18,0,0,6,0,0,0.0,0,0,6,0,0,0.0,0,15.5,2.8,-4.06,0
1,39,1,9119,1,1,125.0,1,3,1,4,4,118.0,0,0,1,0,1,0,20,0,0,5,0,0,0.0,0,0,5,0,0,0.0,0,10.8,1.4,1.74,0
1,1,1,9500,1,1,140.0,1,1,1,4,4,140.0,0,0,0,1,0,1,19,0,0,7,7,6,13.8,0,0,7,16,0,0.0,0,12.4,0.5,1.79,1
1,39,1,9119,1,1,133.1,1,19,3,9,3,120.0,0,0,0,1,1,0,25,0,0,5,0,0,0.0,0,0,5,0,0,0.0,0,12.7,3.7,-1.7,0
1,1,1,9147,1,1,130.0,1,19,19,9,9,119.0,1,0,0,1,0,0,18,0,0,5,7,4,11.5,0,0,5,6,4,12.0,0,12.4,0.5,1.79,1
1,1,1,9500,1,1,145.0,1,1,1,4,10,145.0,0,0,0,1,0,0,18,0,0,7,7,6,13.8,0,0,8,16,0,0.0,1,12.4,0.5,1.79,0
1,1,1,9003,1,1,133.1,1,3,3,9,3,120.0,0,0,0,1,1,0,23,0,0,6,6,6,12.0,0,0,6,6,6,12.0,0,10.8,1.4,1.74,1
1,39,1,9119,1,1,133.1,1,37,19,9,3,123.0,0,0,0,1,1,0,28,0,0,5,16,3,14.3,0,0,5,9,5,12.4,0,9.4,-0.8,-3.12,1
1,1,1,9500,1,1,140.0,1,1,1,4,4,140.0,0,0,0,1,0,0,18,0,0,7,7,6,13.8,0,0,7,16,0,0.0,0,12.4,0.5,1.79,1
1,1,1,9147,1,1,130.0,1,19,19,9,7,119.5,1,0,0,1,1,1,18,0,0,5,7,4,11.25,0,0,5,6,4,12.25,0,12.4,0.5,1.79,1
1,39,1,9119,1,1,133.1,1,37,19,9,3,123.0,0,0,0,1,1,1,28,0,0,5,16,3,14.3,0,0,5,9,5,12.4,0,9.4,-0.8,-3.12,1
1,1,1,9670,1,1,122.0,1,1,1,9,9,116.1,1,0,0,1,1,1,18,0,0,5,6,4,12.25,0,0,5,5,5,12.2,0,9.4,-0.8,-3.12,0
1,39,1,9085,1,1,130.0,1,37,19,9,7,130.0,1,0,0,1,0,0,28,0,0,5,13,4,11.25,1,0,5,11,4,10.5,0,12.7,3.7,-1.7,1
1,39,1,9003,1,1,125.0,1,3,38,9,9,110.0,0,0,1,0,1,0,24,0,0,6,4,0,0.0,0,0,6,5,0,0.0,0,16.2,0.3,-0.92,0
1,1,1,9500,1,1,138.0,1,37,19,4,8,120.0,1,0,0,1,0,0,20,0,0,7,10,6,12.0,0,0,7,13,5,13.0,0,11.1,0.6,2.02,1
1,39,1,9254,1,1,133.1,1,1,1,4,7,105.0,0,0,0,1,1,0,25,0,0,6,7,0,0.0,0,0,6,6,0,0.0,0,15.5,2.8,-4.06,1
1,43,1,9991,0,1,110.0,1,37,37,9,9,120.0,0,0,1,0,1,0,27,0,5,9,10,3,11.0,0,0,6,8,0,0.0,0,12.7,3.7,-1.7,0
1,17,1,9556,1,1,140.0,1,38,38,9,9,130.0,1,0,0,1,0,0,19,0,0,7,10,6,12.5,0,0,7,11,5,11.5,0,8.9,1.4,3.51,1
1,39,1,9003,1,1,133.1,1,1,1,9,9,120.0,0,0,0,1,1,0,26,0,0,6,6,0,0.0,0,0,6,6,0,0.0,0,16.2,0.3,-0.92,1
1,1,1,9130,1,1,105.0,1,37,37,9,9,105.0,1,0,1,1,0,0,21,0,0,5,10,2,12.0,2,0,5,9,4,11.0,0,9.4,-0.8,-3.12,0
1,17,1,9254,1,1,133.1,1,19,38,9,9,125.0,0,0,0,0,1,0,20,0,0,6,8,0,0.0,0,0,6,7,0,0.0,0,7.6,2.6,0.32,0
1,39,1,9238,1,19,133.1,1,37,37,9,9,110.0,0,0,0,1,1,0,30,0,0,6,10,0,0.0,0,0,6,11,0,0.0,0,15.5,2.8,-4.06,1
1,1,1,9500,1,1,120.0,1,37,38,9,8,115.0,1,0,0,1,0,0,18,0,0,7,12,5,11.8,0,0,7,9,6,11.7,0,11.1,0.6,2.02,1
1,39,1,9991,0,1,133.1,1,3,38,9,9,130.0,0,0,0,1,1,0,31,0,0,5,5,0,0.0,0,0,5,7,0,0.0,0,13.9,-0.3,0.79,0
1,39,1,9003,1,1,133.1,1,19,19,9,9,128.0,0,0,0,1,1,0,25,0,0,6,6,0,0.0,0,0,6,6,0,0.0,0,12.4,0.5,1.79,1
1,17,1,9670,1,1,130.0,1,37,37,9,9,120.0,0,0,1,1,0,0,22,0,0,6,7,6,11.0,0,0,6,11,0,0.0,0,10.8,1.4,1.74,1
1,1,1,9500,1,1,135.0,1,37,38,4,8,120.0,1,0,0,1,0,0,19,0,0,7,9,6,12.5,0,0,8,12,5,12.0,0,11.1,0.6,2.02,1
1,39,1,9003,1,1,133.1,1,19,19,9,9,130.0,0,0,0,1,1,0,29,0,0,6,6,0,0.0,0,0,6,6,0,0.0,0,16.2,0.3,-0.92,1
1,1,1,9853,1,1,130.0,1,37,37,9,9,115.0,1,0,1,1,0,0,20,0,0,6,8,3,13.0,0,0,6,7,3,11.0,0,15.5,2.8,-4.06,0
1,39,1,9003,1,19,130.0,1,3,2,9,9,110.0,0,0,1,0,1,0,22,0,0,6,7,3,10.5,0,0,6,8,2,11.0,0,15.5,2.8,-4.06,0
1,39,1,9130,1,19,133.1,1,37,37,9,10,145.0,1,0,0,1,1,0,20,0,0,6,10,5,12.0,0,0,6,11,4,12.5,0,13.9,-0.3,0.79,1
1,1,1,9238,1,1,140.0,1,19,37,9,9,150.0,1,0,0,1,0,1,19,0,0,6,9,5,11.5,0,0,6,10,5,11.0,0,7.6,2.6,0.32,1
1,39,1,9991,0,1,110.0,1,37,37,1,4,115.0,1,0,1,0,0,0,38,0,0,5,6,2,10.0,0,0,5,5,1,10.5,0,9.4,-0.8,-3.12,0
1,43,1,9991,0,1,120.0,1,19,37,3,9,105.0,0,0,1,0,0,0,28,0,0,5,8,0,0.0,0,0,5,5,0,0.0,0,13.9,-0.3,0.79,0
1,42,1,9773,1,1,133.1,1,19,6,4,3,125.0,0,0,0,1,1,0,25,0,0,4,7,0,0.0,0,0,5,9,0,0.0,0,9.4,-0.8,-3.12,0
1,39,1,9670,1,1,125.0,1,38,37,7,7,135.0,0,0,1,1,1,0,23,0,0,6,14,4,10.0,0,0,6,15,4,11.5,0,15.5,2.8,-4.06,0
1,1,1,9853,1,1,133.1,1,19,19,9,8,130.0,1,0,0,1,0,0,20,0,0,6,7,5,11.0,0,0,6,8,4,11.0,0,12.7,3.7,-1.7,0
1,44,1,9003,1,39,150.0,1,4,5,4,2,145.0,0,0,0,1,1,0,22,0,0,6,14,5,11.5,0,0,6,16,5,10.0,0,16.2,0.3,-0.92,1
1,39,1,9130,1,19,133.1,1,37,38,9,4,105.0,1,0,1,1,1,0,40,0,0,6,8,5,11.0,0,0,6,10,0,0.0,0,15.5,2.8,-4.06,0
2,39,2,9670,1,1,133.1,41,37,19,9,9,120.0,0,0,0,1,0,0,32,1,0,6,0,0,0.0,0,0,6,0,0,0.0,0,9.4,-0.8,-3.12,0
1,17,6,9147,1,1,120.0,1,37,38,9,9,110.0,1,0,1,0,1,0,18,0,0,5,7,4,12.0,0,0,5,8,5,10.0,0,8.9,1.4,3.51,1
1,44,1,9070,1,39,123.9,1,37,1,9,7,120.0,0,0,0,1,1,0,21,0,2,7,8,5,12.0,0,5,9,9,7,12.5,1,16.2,0.3,-0.92,0
1,39,1,8014,0,1,120.0,1,19,37,8,7,100.0,1,0,0,1,0,0,24,0,0,6,10,1,10.5,0,0,6,5,0,0.0,6,9.4,-0.8,-3.12,0
1,17,1,9670,1,1,118.0,1,37,38,8,7,110.0,1,0,0,1,0,1,20,0,0,5,6,3,11.5,0,0,5,4,2,12.0,0,7.6,2.6,0.32,0
1,1,2,9147,1,1,120.0,1,1,37,4,9,110.0,1,0,0,1,1,1,19,0,0,5,4,0,0.0,0,0,5,5,0,0.0,0,11.1,0.6,2.02,0
1,1,1,9147,1,1,125.0,1,38,38,7,7,115.0,1,0,0,1,0,0,22,0,0,5,6,3,11.0,0,0,5,8,2,10.5,0,10.8,1.4,1.74,0
1,1,1,9500,1,1,130.0,1,1,1,4,4,130.0,0,0,0,1,0,0,20,0,0,7,10,5,12.0,0,0,7,10,4,11.5,0,16.2,0.3,-0.92,1
1,39,1,9003,1,1,120.0,1,1,1,4,4,118.0,0,0,1,0,1,0,28,0,0,6,13,3,12.0,0,0,6,14,4,11.0,0,15.5,2.8,-4.06,0
1,17,1,9254,1,1,128.0,1,1,37,9,9,125.0,1,0,0,1,0,0,21,0,0,6,8,5,11.5,0,0,6,9,4,12.0,0,7.6,2.6,0.32,1
1,1,1,9670,1,1,135.0,1,1,1,3,3,130.0,1,0,0,1,1,0,18,0,0,6,7,3,11.0,0,0,6,8,4,11.5,0,10.8,1.4,1.74,1
1,39,1,9147,1,19,100.0,1,19,19,7,7,110.0,0,0,1,0,1,0,25,0,0,5,6,1,10.0,0,0,5,7,0,0.0,0,13.9,-0.3,0.79,0
1,1,1,9003,1,1,140.0,1,1,1,9,9,135.0,0,0,0,1,0,0,23,0,0,6,12,5,13.0,0,0,6,13,5,13.5,0,16.2,0.3,-0.92,1
1,39,1,9147,1,1,110.0,1,1,1,4,4,110.0,0,0,1,0,1,0,27,0,0,5,5,2,11.0,0,0,5,6,1,10.0,0,10.8,1.4,1.74,0
1,1,1,9773,1,1,120.0,1,3,3,2,2,120.0,1,0,0,1,0,0,19,0,0,6,10,3,11.0,0,0,6,11,4,11.5,0,9.4,-0.8,-3.12,1
1,1,1,9500,1,1,130.0,1,1,1,9,9,125.0,1,0,0,1,0,0,19,0,0,7,11,5,12.5,0,0,7,12,5,12.0,0,11.1,0.6,2.02,1
1,17,1,9147,1,1,120.0,1,38,38,7,7,115.0,1,0,0,1,1,0,19,0,0,5,8,3,11.0,0,0,5,9,3,11.5,0,10.8,1.4,1.74,1
1,39,1,9003,1,1,133.1,1,37,37,9,9,110.0,0,0,1,0,1,0,30,0,0,6,10,2,11.0,0,0,6,11,3,12.0,0,15.5,2.8,-4.06,0
1,1,1,9670,1,1,140.0,1,37,37,7,7,130.0,1,0,0,1,0,0,20,0,0,6,8,4,11.5,0,0,6,9,4,12.0,0,10.8,1.4,1.74,1
1,1,1,9254,1,1,120.0,1,19,19,7,7,118.0,1,0,0,1,0,1,23,0,0,6,10,5,12.0,0,0,6,11,4,11.5,0,12.4,0.5,1.79,1
1,39,1,9003,1,1,133.1,1,1,1,4,4,120.0,0,0,1,0,1,0,26,0,0,6,14,3,13.0,0,0,6,15,3,13.5,0,16.2,0.3,-0.92,0
1,1,1,9773,1,1,125.0,1,19,19,9,9,120.0,1,0,0,1,0,0,21,0,0,6,11,4,12.0,0,0,6,12,4,11.5,0,13.9,-0.3,0.79,1
1,39,1,9670,1,1,128.0,1,19,19,3,3,110.5,0,0,0,1,0,0,21,0,0,6,3,1,10.0,0,0,6,4,2,11.0,0,11.1,0.6,2.02,0
1,17,1,9853,1,1,140.0,1,38,19,4,9,125.0,1,0,0,1,0,0,20,0,0,6,0,0,0.0,0,0,6,0,0,0.0,0,10.8,1.4,1.74,0
1,1,1,9254,1,1,122.0,1,3,19,3,9,115.0,1,0,0,0,1,0,18,0,0,6,0,0,0.0,0,0,6,0,0,0.0,0,8.9,1.4,3.51,0
1,17,1,9147,1,1,125.0,1,37,37,4,7,118.0,0,0,0,1,1,1,19,0,0,5,11,3,11.333333333333334,0,0,5,9,3,11.666666666666666,0,12.7,3.7,-1.7,1
1,1,1,9670,1,1,123.0,1,37,37,5,9,115.0,1,0,0,1,0,0,22,0,0,5,8,3,11.333333333333334,0,0,5,6,4,11.25,0,7.6,2.6,0.32,1
1,51,1,9147,1,1,100.0,1,3,1,3,3,100.0,1,0,1,0,0,0,23,0,0,5,7,0,0.0,0,0,5,7,0,0.0,0,8.9,1.4,3.51,1
1,39,1,9670,1,1,135.0,1,1,1,4,4,110.0,0,0,0,1,0,0,25,0,0,6,11,2,11.666666666666666,0,0,6,18,2,10.5,0,16.2,0.3,-0.92,0
1,1,3,9254,1,1,120.0,1,19,19,9,9,126.0,1,0,0,1,0,0,21,0,0,6,9,4,10.0,0,0,6,11,2,13.5,0,9.4,-0.8,-3.12,1
2,43,1,9991,0,1,130.0,1,37,37,9,9,112.0,0,0,0,1,0,0,31,0,1,5,5,5,10.2,0,0,5,8,4,11.25,0,9.4,-0.8,-3.12,1
1,39,1,9670,1,1,105.0,1,1,1,4,4,118.0,0,0,0,1,1,0,25,0,0,5,6,3,11.333333333333334,0,0,5,7,3,13.666666666666666,0,9.4,-0.8,-3.12,0
1,1,1,9853,1,1,125.0,1,3,1,2,5,120.0,0,0,0,1,0,0,19,0,0,6,8,5,12.333333333333334,0,0,6,9,5,10.6,0,15.5,2.8,-4.06,1
1,17,5,9238,1,1,132.0,1,19,1,5,5,128.0,1,0,0,1,0,0,18,0,0,6,7,4,11.25,0,0,6,14,3,10.0,0,9.4,-0.8,-3.12,1
1,39,1,9991,0,1,142.0,1,1,1,4,10,141.0,0,0,0,1,1,0,24,0,0,5,12,1,10.0,0,0,5,7,2,11.333333333333334,0,12.4,0.5,1.79,0
1,1,1,9085,1,6,120.0,1,19,19,9,9,127.0,1,0,0,1,0,0,21,0,0,5,13,4,14.25,3,0,5,8,5,13.2,4,9.4,-0.8,-3.12,0
1,39,1,9670,1,1,141.0,1,38,37,7,7,106.0,0,0,0,1,1,0,28,0,0,6,6,1,14.0,0,0,6,5,0,0.0,0,16.2,0.3,-0.92,0
1,39,1,9991,0,12,135.0,1,37,37,9,9,120.0,0,0,0,1,1,0,37,0,0,5,10,2,10.5,0,0,5,8,3,11.333333333333334,1,7.6,2.6,0.32,1
1,1,1,9003,1,1,130.0,1,19,19,9,9,130.0,0,0,0,1,0,0,22,0,0,6,6,0,0.0,0,0,6,6,0,0.0,0,16.2,0.3,-0.92,0
1,1,1,9003,1,1,120.0,1,1,1,4,1,110.0,1,0,0,1,0,0,21,0,0,6,12,4,12.5,0,0,6,12,4,12.5,0,10.8,1.4,1.74,1
1,39,1,9119,1,1,140.0,1,37,37,9,9,120.0,0,0,0,1,0,0,23,0,0,5,10,0,0.0,0,0,5,10,0,0.0,0,13.9,-0.3,0.79,0
1,17,1,9147,1,1,125.0,1,37,37,9,9,120.0,0,0,0,1,0,0,20,0,0,5,6,0,0.0,0,0,5,6,0,0.0,0,12.4,0.5,1.79,1
1,1,1,9670,1,1,133.0,1,19,19,4,9,125.0,1,0,0,1,0,0,20,0,0,6,10,5,13.0,0,0,6,11,5,13.0,0,11.1,0.6,2.02,1
1,1,1,9130,1,1,130.0,1,37,37,9,9,130.0,1,0,0,1,0,0,20,0,0,6,12,6,13.5,0,0,6,12,6,13.5,0,10.8,1.4,1.74,1
1,1,1,9773,1,1,135.0,1,1,38,4,4,130.0,1,0,0,1,0,0,18,0,0,6,6,6,13.0,0,0,6,6,6,13.0,0,13.9,-0.3,0.79,1
1,1,1,9070,1,1,125.0,1,1,38,4,4,120.0,1,0,0,1,0,0,19,0,0,6,7,6,13.0,0,0,6,7,6,13.0,0,12.7,3.7,-1.7,1
1,1,1,9500,1,1,145.0,1,1,37,9,9,135.0,0,0,0,1,0,0,21,0,0,7,7,7,13.0,0,0,7,7,7,13.0,0,11.1,0.6,2.02,0
1,1,1,9070,1,1,130.0,1,19,19,4,4,125.0,1,0,0,1,0,0,19,0,0,6,6,6,13.0,0,0,6,6,6,13.0,0,12.4,0.5,1.79,1
1,1,1,9500,1,1,140.0,1,37,37,9,9,130.0,0,0,0,1,0,0,20,0,0,7,7,7,13.0,0,0,7,7,7,13.0,0,15.5,2.8,-4.06,0
1,1,1,9147,1,1,130.0,1,1,38,4,4,125.0,1,0,0,1,0,0,20,0,0,5,5,5,11.0,0,0,5,5,5,11.0,0,10.8,1.4,1.74,1
1,1,1,9147,1,1,125.0,1,1,38,4,4,120.0,1,0,0,1,0,0,19,0,0,5,5,5,11.0,0,0,5,5,5,11.0,0,10.8,1.4,1.74,1
1,1,1,9147,1,1,130.0,1,1,38,4,4,125.0,1,0,0,1,0,0,19,0,0,5,5,5,11.0,0,0,5,5,5,11.0,0,10.8,1.4,1.74,1
1,1,1,9003,1,1,110.0,1,37,37,9,9,105.0,0,0,1,0,1,0,22,0,0,5,8,4,10.5,0,0,5,6,3,11.0,0,13.9,-0.3,0.79,0
1,1,1,9500,1,1,120.0,1,1,1,4,3,118.0,1,0,0,1,0,0,20,0,0,7,7,7,12.7,0,0,7,7,7,12.8,0,12.4,0.5,1.79,1
1,43,1,9853,1,1,110.0,1,3,37,2,5,110.0,1,0,0,1,0,0,23,0,0,6,8,3,10.0,0,0,6,9,2,11.0,0,13.9,-0.3,0.79,0
1,17,1,9119,1,1,130.0,1,1,19,5,5,120.0,1,0,0,1,0,0,19,0,0,5,10,3,11.0,0,0,5,9,2,13.0,0,10.8,1.4,1.74,1
1,1,1,9853,1,1,140.0,1,19,19,7,7,135.0,0,0,0,1,1,0,21,0,0,6,13,4,12.0,0,0,6,14,3,13.0,0,12.4,0.5,1.79,1
1,1,1,9070,1,1,125.0,1,19,19,9,7,120.0,1,0,0,1,0,0,19,0,0,6,0,0,0.0,0,0,6,0,0,0.0,0,11.1,0.6,2.02,0
1,39,1,9147,1,1,133.1,1,37,37,9,9,125.0,0,0,0,1,1,0,28,0,0,5,0,0,0.0,0,0,5,0,0,0.0,0,12.7,3.7,-1.7,1
1,17,1,9853,1,1,128.0,1,1,1,5,7,120.0,1,0,0,1,0,0,18,0,0,7,8,7,11.6,0,0,7,9,6,13.2,0,11.1,0.6,2.02,1
1,1,1,9500,1,1,130.0,1,1,1,4,3,128.0,1,0,0,1,0,0,19,0,0,7,8,7,12.0,0,0,7,9,6,13.0,0,13.9,-0.3,0.79,1
1,1,1,9070,1,1,120.0,1,19,19,9,7,115.0,1,0,0,1,0,0,18,0,0,6,0,0,0.0,0,0,6,0,0,0.0,0,12.4,0.5,1.79,0
1,1,1,9238,1,1,120.0,1,19,38,7,7,115.0,0,0,0,1,1,0,20,0,0,6,12,4,11.8,0,0,6,13,3,11.4,0,15.5,2.8,-4.06,1
1,17,1,9853,1,1,125.0,1,1,1,5,7,122.0,1,0,0,1,0,0,18,0,0,7,8,7,11.6,0,0,7,9,6,13.2,0,11.1,0.6,2.02,1
1,1,2,9500,1,1,120.0,1,37,1,7,7,115.0,1,0,0,1,0,0,19,0,0,7,0,0,0.0,0,0,8,0,0,0.0,0,13.9,-0.3,0.79,0
1,39,1,9085,1,1,133.1,1,37,37,9,9,120.0,0,0,0,0,0,0,32,0,0,6,0,0,0.0,0,0,6,0,0,0.0,0,11.1,0.6,2.02,0
1,1,1,9119,1,1,128.0,1,38,38,9,7,125.0,1,0,0,1,1,0,19,0,0,5,10,3,10.7,0,0,5,9,2,14.0,2,7.6,2.6,0.32,1
1,43,1,9991,0,1,120.0,1,19,37,3,9,100.0,0,0,0,1,0,0,34,0,0,5,9,0,0.0,0,0,5,10,1,11.0,0,13.9,-0.3,0.79,0
1,1,1,9119,1,1,120.0,1,3,1,4,4,115.0,0,0,0,1,1,0,23,0,0,5,6,4,11.0,0,0,5,7,3,11.5,0,10.8,1.4,1.74,1
1,44,1,9003,1,39,133.1,1,37,37,9,9,125.0,0,0,0,1,0,0,21,0,0,6,10,5,11.5,0,0,6,11,5,12.0,0,12.7,3.7,-1.7,0
1,1,1,9773,1,1,145.0,1,3,2,4,6,135.0,1,0,0,0,1,0,28,0,0,6,9,6,15.0,0,0,6,7,5,14.0,0,11.1,0.6,2.02,1
1,39,1,9119,1,1,120.0,1,37,37,9,9,120.0,0,0,0,1,1,0,25,0,0,5,7,2,10.5,0,0,5,8,3,11.0,0,7.6,2.6,0.32,0
1,1,2,9254,1,1,125.0,1,19,1,9,8,118.0,0,0,0,1,1,0,20,0,0,6,8,3,12.5,0,0,6,9,1,11.5,0,15.5,2.8,-4.06,1
1,17,1,9853,1,1,133.1,1,37,37,5,0,110.0,0,0,0,1,0,0,19,0,0,6,11,4,12.0,0,0,6,10,4,13.0,0,7.6,2.6,0.32,0
1,1,4,9119,1,1,126.0,1,3,19,2,9,124.0,1,0,0,1,1,0,18,0,0,5,6,5,12.0,0,0,5,9,3,13.0,0,8.9,1.4,3.51,0
2,39,2,9147,1,1,150.0,1,19,37,9,7,102.0,0,0,1,0,0,0,30,0,0,5,8,3,11.0,0,0,5,14,2,15.0,0,10.8,1.4,1.74,0
1,1,4,9773,1,1,137.0,1,3,19,2,3,140.0,1,1,0,1,0,0,18,0,0,6,10,6,12.0,0,0,6,11,6,13.0,0,10.8,1.4,1.74,1
1,1,3,9070,1,1,146.0,1,34,34,0,0,144.0,1,0,0,1,0,0,18,0,0,6,6,6,13.0,0,0,6,6,6,13.0,0,7.6,2.6,0.32,0
1,1,1,9254,1,1,100.0,1,19,19,5,5,102.0,1,0,0,1,0,0,21,0,0,6,8,5,11.0,0,0,6,6,5,13.0,0,12.4,0.5,1.79,1
2,39,1,9773,1,1,133.1,1,37,37,7,4,132.0,0,0,0,1,1,0,43,0,0,6,10,4,12.0,0,0,6,7,0,0.0,0,15.5,2.8,-4.06,0
1,1,1,9853,1,1,123.0,1,1,38,9,6,122.0,1,0,0,1,0,0,18,0,0,7,12,5,12.5,0,0,7,9,6,12.0,0,11.1,0.6,2.02,1
2,39,2,9003,1,19,133.1,1,38,19,4,1,110.0,0,0,0,0,1,0,32,0,2,8,12,2,11.0,2,0,7,9,0,0.0,0,15.5,2.8,-4.06,0
1,43,1,9130,1,1,120.0,6,1,3,9,2,120.0,0,0,1,1,0,0,21,1,2,5,9,5,13.0,2,0,5,7,2,12.0,2,10.8,1.4,1.74,1
1,43,1,9500,1,1,133.1,1,38,19,9,10,115.0,0,0,0,1,0,0,23,0,0,7,11,6,12.5,0,0,7,7,6,12.0,0,16.2,0.3,-0.92,1
1,1,1,9147,1,1,120.0,1,1,1,4,4,115.0,0,0,1,0,0,0,20,0,0,5,5,3,10.0,0,0,5,5,0,0.0,0,16.2,0.3,-0.92,0
1,39,1,9500,1,1,133.0,1,37,37,9,9,138.0,0,0,0,1,1,0,30,0,0,7,0,0,0.0,0,0,7,0,0,0.0,0,12.4,0.5,1.79,1
1,1,1,9085,1,1,130.0,1,37,38,9,9,125.0,0,0,0,1,0,0,22,0,0,6,10,4,11.5,0,0,6,11,3,11.0,0,9.4,-0.8,-3.12,1
1,44,1,9003,1,39,145.0,1,19,19,9,4,142.0,0,0,0,1,0,0,23,0,0,6,12,3,11.0,0,0,6,12,4,12.0,0,15.5,2.8,-4.06,0
1,1,1,9238,1,1,128.0,1,19,38,7,7,120.0,0,0,0,1,1,0,19,0,0,6,11,5,11.75,0,0,6,13,3,11.333333333333334,0,15.5,2.8,-4.06,1
1,17,1,9238,1,1,140.0,1,1,1,4,9,130.0,0,0,0,1,0,0,21,0,0,6,11,5,10.5,0,0,6,11,4,10.4,0,15.5,2.8,-4.06,1
1,18,1,9119,1,1,148.0,1,3,19,3,5,148.0,0,0,0,1,1,1,18,0,0,5,5,0,0.0,0,0,5,5,0,0.0,0,9.4,-0.8,-3.12,0
1,17,3,9254,1,1,110.0,26,38,3,9,3,125.0,1,0,1,0,0,0,20,1,0,6,14,3,12.333333333333334,0,0,6,16,0,0.0,0,10.8,1.4,1.74,0
1,39,1,33,1,1,105.0,41,38,37,9,8,102.0,0,0,1,0,1,0,34,1,0,7,18,3,11.0,0,0,7,7,0,0.0,0,16.2,0.3,-0.92,0
1,1,1,9670,1,1,135.0,1,4,2,123,112,140.0,1,0,0,1,1,0,20,0,0,6,8,5,12.5,0,0,6,10,5,11.6,0,13.9,-0.3,0.79,1
1,42,1,9147,1,1,132.0,1,37,38,9,1,130.0,1,0,0,1,0,0,25,0,3,5,5,4,13.0,0,1,5,7,2,12.0,0,9.4,-0.8,-3.12,1
1,43,1,9147,1,1,128.0,1,37,19,9,8,131.0,0,0,0,1,1,0,22,0,0,5,5,0,0.0,0,0,5,9,3,13.0,2,16.2,0.3,-0.92,1
2,39,1,9991,0,1,130.0,1,37,37,9,9,135.0,0,0,1,0,1,0,46,0,0,5,9,0,0.0,0,0,5,11,0,0.0,0,12.4,0.5,1.79,0
1,1,1,9147,1,1,122.0,1,38,19,3,10,127.0,1,0,0,1,0,0,20,0,0,5,5,4,12.0,0,0,4,4,2,11.5,0,7.6,2.6,0.32,1
1,44,1,9238,1,39,138.0,1,1,1,4,3,139.0,0,0,0,1,1,0,22,0,3,6,7,6,12.0,0,2,6,6,2,14.0,0,13.9,-0.3,0.79,0
2,39,1,9085,1,1,130.0,1,36,36,99,5,125.0,0,0,0,0,0,1,27,0,0,5,14,1,11.5,3,0,5,5,0,0.0,5,9.4,-0.8,-3.12,0
1,7,1,9003,1,1,125.0,1,37,37,9,7,115.0,0,0,1,0,0,0,25,0,0,6,6,0,0.0,0,0,6,6,0,0.0,0,15.5,2.8,-4.06,0
1,1,1,9500,1,1,145.0,1,1,1,3,3,125.0,0,0,0,1,0,0,19,0,0,7,9,5,13.0,0,0,7,10,5,12.8,0,12.4,0.5,1.79,1
1,43,1,9130,1,1,120.0,1,1,1,9,9,110.0,0,0,0,1,0,0,20,0,0,6,10,0,0.0,0,0,6,10,0,0.0,0,16.2,0.3,-0.92,1
2,39,1,9670,1,1,130.0,1,37,37,9,9,130.0,0,0,1,1,0,0,30,0,0,6,0,0,0.0,0,0,6,0,0,0.0,0,10.8,1.4,1.74,0
1,1,1,9500,1,1,135.0,1,1,1,3,3,120.0,0,0,0,1,1,0,18,0,0,7,8,6,12.5,0,0,7,9,6,12.6,0,7.6,2.6,0.32,1
1,39,1,9003,1,1,133.1,1,37,37,9,7,120.0,0,0,1,1,1,0,24,0,0,6,6,0,0.0,0,0,6,6,0,0.0,0,13.9,-0.3,0.79,0
1,44,1,9130,1,39,140.0,1,3,3,4,4,140.0,1,0,0,1,1,0,21,0,0,6,7,0,0.0,0,0,6,7,0,0.0,0,12.7,3.7,-1.7,1
1,1,1,9070,1,1,120.0,1,1,1,4,4,110.0,1,0,0,1,0,0,22,0,0,6,9,5,12.0,0,0,6,9,5,12.0,0,15.5,2.8,-4.06,1
1,39,1,9085,1,1,150.0,1,3,3,2,5,145.0,0,0,0,1,1,0,23,0,0,6,0,0,0.0,0,0,6,0,0,0.0,0,10.8,1.4,1.74,0
1,1,1,9500,1,1,140.0,1,19,19,3,3,130.0,0,0,0,1,0,0,19,0,0,7,7,0,0.0,0,0,7,7,0,0.0,0,11.1,0.6,2.02,1
1,39,1,9085,1,1,133.1,1,3,3,2,5,105.0,0,0,0,1,1,0,26,0,0,6,0,0,0.0,0,0,6,0,0,0.0,0,8.9,1.4,3.51,0
1,43,1,9130,1,1,125.0,1,3,3,2,5,110.0,0,0,0,1,0,0,20,0,0,6,11,3,12.0,0,0,6,11,3,12.5,0,13.9,-0.3,0.79,1
1,39,1,9003,1,1,140.0,1,37,37,9,7,135.0,0,0,1,1,1,0,27,0,0,6,6,0,0.0,0,0,6,6,0,0.0,0,12.4,0.5,1.79,0
1,1,1,9070,1,1,130.0,1,19,19,9,9,125.0,1,0,0,1,0,0,18,0,0,6,8,6,13.0,0,0,6,8,6,13.0,0,7.6,2.6,0.32,1
1,1,1,9670,1,1,130.0,1,1,1,0,0,120.0,0,0,0,1,0,0,19,0,0,5,5,0,0.0,0,0,5,5,0,0.0,0,10.8,1.4,1.74,0
1,1,1,9085,1,1,135.0,1,1,1,3,3,125.0,1,0,0,1,0,0,21,0,0,6,10,6,13.0,0,0,6,11,6,13.5,0,11.1,0.6,2.02,1
1,1,1,9003,1,1,120.0,1,3,2,9,8,110.0,0,0,0,1,0,0,20,0,0,6,6,0,0.0,0,0,6,7,0,0.0,0,12.4,0.5,1.79,0
1,1,1,9773,1,1,125.0,1,38,1,9,7,120.0,1,0,0,1,0,0,19,0,0,6,7,5,11.5,0,0,6,6,5,12.0,0,10.8,1.4,1.74,1
1,1,1,9500,1,1,120.0,1,37,19,9,9,118.0,0,0,0,1,0,0,21,0,0,7,8,0,0.0,0,0,7,8,0,0.0,0,16.2,0.3,-0.92,0
1,1,1,9147,1,1,120.0,1,38,37,9,9,120.0,0,0,0,1,1,0,20,0,0,5,10,0,0.0,0,0,5,8,0,0.0,0,7.6,2.6,0.32,1
1,1,1,9238,1,1,130.0,1,3,37,9,9,120.0,1,0,0,1,0,0,19,0,0,6,8,5,12.0,0,0,6,8,5,12.0,0,11.1,0.6,2.02,1
1,1,1,9500,1,1,125.0,1,37,37,9,9,115.0,1,0,0,1,0,0,19,0,0,7,10,4,11.0,0,0,8,9,4,10.0,0,12.4,0.5,1.79,0
1,1,1,9500,1,1,125.0,1,37,37,9,9,120.0,1,0,0,1,0,0,20,0,0,7,10,5,13.0,0,0,7,9,5,13.0,0,12.7,3.7,-1.7,1
1,1,1,9147,1,1,130.0,1,38,37,9,9,120.0,0,0,0,1,1,0,22,0,0,5,10,0,0.0,0,0,5,10,0,0.0,0,7.6,2.6,0.32,1
1,1,1,9254,1,1,120.0,1,37,37,9,9,120.0,1,0,0,1,0,0,20,0,0,6,8,5,12.0,0,0,6,8,5,12.0,0,11.1,0.6,2.02,1
1,1,1,9500,1,1,120.0,1,37,37,9,9,118.0,0,0,0,1,0,0,21,0,0,7,8,0,0.0,0,0,7,8,0,0.0,0,16.2,0.3,-0.92,0
1,1,1,9254,1,1,120.0,1,37,37,9,9,118.0,1,0,0,1,0,0,20,0,0,6,8,5,12.0,0,0,6,8,5,12.0,0,11.1,0.6,2.02,1
1,1,1,9003,1,1,110.0,1,37,37,9,9,120.0,0,0,0,1,0,0,21,0,0,6,10,4,12.0,0,0,6,10,2,11.5,0,10.8,1.4,1.74,0
1,43,1,9147,1,1,120.0,1,1,1,5,5,130.0,0,0,1,1,0,0,23,0,0,6,13,3,12.5,0,0,6,14,4,11.0,0,12.4,0.5,1.79,1
1,39,1,9853,1,1,133.1,1,37,37,9,9,135.0,0,0,0,1,0,0,20,0,0,6,10,2,11.0,0,0,6,11,3,12.0,0,11.1,0.6,2.02,0
1,39,1,9003,1,1,120.0,1,37,37,9,9,110.0,0,0,0,1,1,0,25,0,0,6,12,3,12.0,0,0,6,12,2,11.5,0,13.9,-0.3,0.79,1
1,1,1,9147,1,1,133.1,1,38,38,9,9,105.0,0,0,0,1,0,0,22,0,0,6,11,2,10.0,0,0,6,10,3,12.0,0,16.2,0.3,-0.92,0
1,39,1,9500,1,1,140.0,1,37,37,9,9,120.0,0,0,0,1,1,0,24,0,0,7,13,6,13.5,0,0,7,14,5,12.0,0,15.5,2.8,-4.06,1
1,1,1,9003,1,1,120.0,1,37,37,9,9,125.0,0,0,0,1,0,0,21,0,0,6,10,3,11.5,0,0,6,11,2,10.5,0,10.8,1.4,1.74,0
1,43,1,9003,1,1,133.1,1,37,37,9,9,130.0,0,0,0,1,1,0,23,0,0,6,10,4,11.0,0,0,6,11,3,12.0,0,7.6,2.6,0.32,1
1,39,1,9991,0,1,140.0,1,37,37,9,9,150.0,0,0,0,1,0,0,35,0,0,1,1,0,0.0,1,0,5,0,0,0.0,0,10.8,1.4,1.74,0
1,39,1,9147,1,1,120.0,1,37,37,9,9,130.0,0,0,0,1,0,0,24,0,0,6,10,2,11.0,0,0,6,11,3,12.0,0,12.4,0.5,1.79,1
1,39,1,9853,1,19,133.1,1,37,37,9,9,100.0,0,0,0,1,0,0,45,0,0,6,11,3,12.333333333333334,0,0,6,13,2,11.0,0,7.6,2.6,0.32,0
1,1,1,9147,1,1,133.1,1,37,37,9,9,105.0,0,0,0,1,0,0,22,0,0,6,11,2,10.0,0,0,6,10,3,12.0,0,16.2,0.3,-0.92,0
1,39,1,9003,1,19,133.1,1,37,37,9,9,130.0,0,0,0,1,0,0,44,0,0,6,10,1,12.0,0,0,6,6,0,0.0,0,11.1,0.6,2.02,0
1,1,1,9147,1,1,112.0,1,38,38,9,9,120.0,0,0,0,1,0,0,20,0,0,5,9,2,10.0,0,0,5,10,2,11.0,0,7.6,2.6,0.32,1
1,39,1,9670,1,1,120.0,1,37,37,7,7,140.0,0,0,0,1,1,0,24,0,0,6,15,4,10.5,0,0,6,16,4,12.5,0,15.5,2.8,-4.06,1
1,43,1,9003,1,1,120.0,1,37,37,9,9,115.0,0,0,0,1,1,0,23,0,0,6,12,0,0.0,0,0,6,10,0,0.0,0,16.2,0.3,-0.92,0
1,1,1,9147,1,1,110.0,1,1,1,4,4,105.0,0,0,1,0,0,0,19,0,0,5,4,3,10.0,1,0,5,5,3,11.0,0,12.7,3.7,-1.7,0
1,17,1,9670,1,1,130.0,1,19,37,9,9,120.0,0,0,0,1,0,1,19,0,0,5,6,5,13.0,0,0,5,7,4,12.0,0,10.8,1.4,1.74,1
1,17,2,9254,1,1,125.0,1,19,37,9,9,115.0,0,0,0,1,1,0,20,0,0,6,10,4,11.0,0,0,6,11,3,10.0,0,15.5,2.8,-4.06,1
1,1,1,9003,1,39,133.1,1,37,37,9,9,130.0,0,0,0,1,1,0,23,0,0,6,12,4,12.5,0,0,6,13,3,11.5,0,12.4,0.5,1.79,1
1,17,1,9147,1,1,120.0,1,1,1,9,9,118.0,0,0,0,1,0,0,21,0,0,5,7,4,11.0,0,0,5,8,3,10.5,0,12.4,0.5,1.79,1
1,39,1,9085,1,1,125.0,1,37,37,4,4,120.0,0,0,0,1,0,0,22,0,0,6,0,0,0.0,0,0,6,0,0,0.0,0,11.1,0.6,2.02,0
1,17,1,9500,1,1,140.0,1,19,37,9,9,130.0,0,0,0,1,0,0,20,0,0,7,14,6,12.0,0,0,7,15,5,11.5,0,13.9,-0.3,0.79,1
1,1,1,9238,1,1,110.0,1,37,37,4,4,105.0,0,0,0,1,0,0,19,0,0,6,0,0,0.0,0,0,6,0,0,0.0,0,9.4,-0.8,-3.12,0
1,17,1,9670,1,1,130.0,1,19,19,9,9,120.0,0,0,0,1,0,0,18,0,0,5,6,3,11.5,0,0,5,6,4,10.5,0,10.8,1.4,1.74,1
1,1,1,9003,1,39,130.0,1,37,37,9,9,130.0,0,0,0,1,1,0,24,0,0,6,11,5,12.0,0,0,6,10,4,11.0,0,12.4,0.5,1.79,1
1,17,1,9500,1,1,140.0,1,37,37,9,9,140.0,0,0,0,1,0,0,19,0,0,7,14,6,13.0,0,0,7,14,5,11.5,0,16.2,0.3,-0.92,0
1,17,1,9147,1,1,130.0,1,38,38,9,9,125.0,0,0,0,1,1,0,21,0,0,5,8,3,11.0,0,0,5,9,2,10.5,0,7.6,2.6,0.32,1
1,1,1,9238,1,1,130.0,1,37,37,9,9,125.0,0,0,0,1,0,0,21,0,0,6,11,5,12.0,0,0,6,12,4,11.5,0,13.9,-0.3,0.79,1
1,17,2,9853,1,1,120.0,1,1,1,4,4,115.0,0,0,0,1,1,0,20,0,0,7,10,6,12.5,0,0,7,10,5,11.0,0,10.8,1.4,1.74,1
1,1,1,9670,1,1,130.0,1,19,19,9,9,125.0,0,0,0,1,1,0,18,0,0,5,6,3,11.0,0,0,5,6,4,10.5,0,12.7,3.7,-1.7,1
1,17,1,9147,1,1,133.1,1,19,19,9,7,100.0,0,0,0,1,1,0,21,0,0,5,7,4,10.75,0,0,5,10,2,11.0,3,16.2,0.3,-0.92,1
1,1,1,9003,1,1,130.0,1,37,37,9,9,120.0,0,0,0,1,1,0,21,0,0,6,7,4,11.5,0,0,6,7,3,12.0,0,12.7,3.7,-1.7,0
1,39,1,9003,1,1,133.1,1,19,19,9,7,125.0,0,0,1,0,1,0,25,0,0,6,6,0,0.0,0,0,6,6,0,0.0,0,12.4,0.5,1.79,0
1,1,1,9147,1,1,120.0,1,1,1,4,4,118.0,1,0,0,1,0,0,20,0,0,5,8,2,11.0,0,0,5,8,2,11.0,0,15.5,2.8,-4.06,1
1,17,2,9773,1,1,133.1,1,1,1,4,4,130.0,1,0,0,1,0,0,20,0,0,6,10,4,12.5,0,0,6,11,5,11.0,0,10.8,1.4,1.74,1
1,43,1,9003,1,1,130.0,1,37,37,9,9,115.0,0,0,0,1,1,0,20,0,0,6,11,3,12.0,0,0,6,12,3,11.5,0,12.7,3.7,-1.7,1
1,1,1,9670,1,1,120.0,1,37,37,9,9,119.0,1,0,0,1,0,0,19,0,0,5,7,4,11.0,0,0,5,7,3,10.0,0,12.7,3.7,-1.7,1
1,39,1,9003,1,1,130.0,1,37,37,9,9,110.0,0,0,1,0,1,0,28,0,0,6,7,0,0.0,0,0,6,6,0,0.0,0,12.4,0.5,1.79,0
1,1,1,9147,1,1,133.1,1,19,19,9,9,127.0,1,0,0,1,0,0,19,0,0,5,11,2,11.5,0,0,5,9,0,0.0,0,10.8,1.4,1.74,0
1,17,2,9853,1,1,145.0,1,38,19,5,5,135.0,1,0,0,1,0,0,19,0,0,6,10,5,12.0,0,0,6,9,4,11.5,0,12.4,0.5,1.79,1
1,39,1,9003,1,1,133.1,1,37,37,9,7,130.0,0,0,1,0,1,0,28,0,0,6,8,3,13.0,0,0,6,7,0,0.0,0,15.5,2.8,-4.06,0
1,1,1,9500,1,1,120.0,1,37,37,7,7,115.0,1,0,0,1,1,0,20,0,0,7,8,0,0.0,1,0,7,7,0,0.0,0,13.9,-0.3,0.79,1
1,17,2,9254,1,1,125.0,1,19,19,5,7,120.0,0,0,0,1,1,0,19,0,0,6,10,5,11.0,0,0,6,11,3,12.0,0,15.5,2.8,-4.06,1
1,1,1,9085,1,1,120.0,1,1,1,4,4,110.0,1,0,0,1,0,0,20,0,0,6,15,4,14.0,0,0,6,16,4,13.0,0,15.5,2.8,-4.06,0
1,39,1,9003,1,1,130.0,1,37,37,9,9,125.0,0,0,1,0,1,0,27,0,0,6,7,0,0.0,0,0,6,6,0,0.0,0,16.2,0.3,-0.92,0
1,17,1,9254,1,1,120.0,1,1,1,4,10,120.0,0,0,0,1,1,0,19,0,0,6,10,5,10.8,0,0,6,9,4,11.5,0,10.8,1.4,1.74,1
1,1,1,9147,1,1,130.0,1,19,37,4,8,130.0,0,0,0,1,1,0,27,0,0,5,12,3,10.0,0,0,5,12,1,13.0,0,7.6,2.6,0.32,1
1,39,1,9003,1,1,138.0,1,1,1,4,5,125.0,0,0,0,1,1,0,23,0,0,6,9,0,0.0,0,0,6,11,0,0.0,0,16.2,0.3,-0.92,1
1,43,2,9254,1,1,130.0,1,3,3,2,2,118.0,0,0,0,1,1,0,20,0,0,6,13,3,11.0,0,0,6,8,4,10.5,0,12.7,3.7,-1.7,1
1,39,1,9003,1,19,130.0,1,37,19,9,7,132.0,0,0,0,1,1,0,26,0,0,6,14,1,10.0,0,0,6,12,4,11.5,0,12.4,0.5,1.79,0
1,17,1,9670,1,1,135.0,1,34,3,7,2,128.0,1,0,1,0,1,0,22,0,0,5,6,0,0.0,0,0,5,5,0,0.0,0,7.6,2.6,0.32,0
1,43,1,9070,1,1,120.0,1,38,37,8,7,128.0,1,0,0,1,1,0,19,0,3,6,5,4,12.0,0,3,9,11,3,12.0,0,12.4,0.5,1.79,0
1,1,1,9254,1,1,120.0,1,37,38,9,8,112.0,1,0,0,1,1,0,18,0,0,6,11,2,11.5,0,0,6,10,1,12.5,0,7.6,2.6,0.32,0
1,39,1,9147,1,1,135.0,1,12,3,4,3,115.0,1,0,0,1,0,0,25,0,0,5,4,0,0.0,0,0,5,6,0,0.0,0,7.6,2.6,0.32,1
1,39,1,8014,0,15,130.0,1,34,34,0,0,98.0,1,0,0,0,0,0,36,0,0,5,8,0,0.0,0,0,5,4,0,0.0,5,9.4,-0.8,-3.12,0
2,39,1,9991,0,3,128.0,1,3,1,1,10,158.0,0,0,0,1,0,0,29,0,0,5,4,5,14.0,0,0,5,4,5,15.0,0,12.7,3.7,-1.7,0
1,7,1,9500,1,3,138.0,1,1,1,9,5,138.0,0,0,0,1,0,0,32,0,2,7,7,6,13.5,0,3,8,9,6,14.0,0,16.2,0.3,-0.92,1
1,42,1,9147,1,1,128.0,1,37,38,9,1,128.0,1,0,0,1,0,0,25,0,3,5,4,4,12.5,0,1,5,6,2,11.5,0,9.4,-0.8,-3.12,1
5,39,1,9003,1,19,131.0,1,19,1,9,9,118.0,0,0,1,0,0,0,26,0,0,6,5,0,0.0,0,0,6,6,0,0.0,0,8.9,1.4,3.51,0
1,51,1,9991,0,1,118.0,1,38,3,5,3,126.0,0,0,1,1,1,0,23,0,3,10,13,7,10.0,0,3,10,10,9,12.0,0,12.4,0.5,1.79,1
1,5,4,9853,1,1,114.0,1,3,38,3,8,108.0,1,0,0,1,0,0,20,0,0,6,8,5,12.0,0,0,6,8,3,11.0,0,9.4,-0.8,-3.12,1
1,44,1,9003,1,1,138.0,1,1,1,4,5,138.0,0,0,0,1,1,0,19,0,0,6,10,6,10.5,0,0,6,11,5,11.0,0,16.2,0.3,-0.92,1
1,1,1,9670,1,1,124.0,1,1,3,4,3,120.0,1,0,0,1,0,0,18,0,0,6,5,6,13.0,0,0,6,7,5,12.0,0,8.9,1.4,3.51,1
1,1,1,9147,1,1,128.0,1,1,19,9,8,110.0,1,0,0,1,0,0,20,0,0,6,8,5,12.0,0,0,6,8,5,12.0,0,10.8,1.4,1.74,0
1,43,1,9003,1,1,133.1,1,37,37,9,7,115.0,0,0,0,1,1,0,23,0,0,6,16,4,11.5,0,0,6,11,4,12.0,0,13.9,-0.3,0.79,1
1,39,1,9119,1,1,133.1,1,37,37,9,7,120.0,0,0,0,1,1,0,21,0,0,5,10,4,11.0,0,0,5,10,4,11.0,0,16.2,0.3,-0.92,1
1,1,1,9147,1,1,120.0,1,1,1,4,2,130.0,1,0,0,1,0,0,18,0,0,5,0,0,0.0,0,0,5,0,0,0.0,0,8.9,1.4,3.51,0
1,1,1,9853,1,1,133.1,1,19,37,5,5,110.0,1,0,0,1,0,0,20,0,0,6,10,3,11.0,0,0,6,10,3,11.0,0,16.2,0.3,-0.92,1
1,39,1,9003,1,1,133.1,1,37,37,9,7,130.0,0,0,1,0,1,0,25,0,0,6,17,5,13.0,0,0,6,11,4,11.75,0,13.9,-0.3,0.79,0
1,1,1,9147,1,1,125.0,1,1,1,4,2,134.1,1,0,0,1,1,0,20,0,0,5,0,0,0.0,0,0,5,0,0,0.0,0,8.9,1.4,3.51,0
1,1,1,9254,1,1,123.0,1,38,37,5,5,125.1,0,0,0,1,0,0,19,0,0,6,12,4,11.0,0,0,6,6,4,12.5,0,16.2,0.3,-0.92,1
1,1,1,9119,1,1,148.0,1,19,19,9,8,129.8,0,0,0,0,1,1,18,0,0,5,6,5,15.0,0,0,5,6,5,14.2,0,8.9,1.4,3.51,1
1,39,1,9670,1,1,133.1,1,37,37,90,90,97.4,0,0,1,0,1,0,44,0,0,6,9,1,14.0,0,0,6,6,0,0.0,0,12.7,3.7,-1.7,0
1,1,1,9070,1,1,124.0,1,19,19,9,7,113.9,1,0,0,1,1,0,18,0,0,6,0,0,0.0,0,0,6,0,0,0.0,0,12.4,0.5,1.79,0
1,17,1,9670,1,1,133.1,1,34,3,7,2,130.6,1,0,1,0,1,0,23,0,0,5,5,0,0.0,0,0,5,5,0,0.0,0,7.6,2.6,0.32,0
1,1,1,9670,1,1,125.0,1,19,1,7,4,122.6,0,0,0,1,1,0,21,0,0,5,7,5,11.166666666666666,0,0,5,5,4,11.0,0,9.4,-0.8,-3.12,0
1,1,1,9853,1,1,114.0,1,19,37,5,5,109.5,1,0,0,1,0,0,19,0,0,7,10,4,10.5,0,0,7,7,2,10.5,0,16.2,0.3,-0.92,0
1,17,1,9130,1,1,138.0,1,2,19,2,6,126.3,1,0,0,1,0,1,18,0,0,6,7,6,12.833333333333334,1,0,6,8,6,13.0,0,8.9,1.4,3.51,1
1,1,1,9500,1,1,136.0,1,2,2,3,3,120.0,1,0,0,1,1,0,18,0,0,7,8,6,11.833333333333334,0,0,7,8,6,11.833333333333334,0,7.6,2.6,0.32,1
1,39,1,9238,1,1,133.1,1,37,37,9,9,130.0,0,0,1,0,0,0,30,0,0,6,7,0,0.0,0,0,6,0,0,0.0,0,15.5,2.8,-4.06,0
1,1,1,9070,1,1,120.0,1,3,3,1,1,118.0,1,0,0,1,0,0,21,0,0,6,10,5,11.8,0,0,6,11,4,12.0,0,7.6,2.6,0.32,1
1,1,1,9070,1,1,130.0,1,3,3,9,9,130.0,1,0,0,1,0,0,19,0,0,5,10,5,12.0,0,0,5,11,4,12.5,0,12.7,3.7,-1.7,1
1,39,1,9003,1,1,133.1,1,37,37,9,9,135.0,0,0,1,1,0,0,27,0,0,6,7,0,0.0,0,0,6,0,0,0.0,0,10.8,1.4,1.74,0
1,1,1,9070,1,1,125.0,1,3,3,9,9,118.0,1,0,0,1,1,0,22,0,0,6,10,6,12.5,0,0,6,12,5,13.0,0,11.1,0.6,2.02,1
1,1,1,9130,1,1,128.0,1,1,1,9,9,128.0,1,0,0,1,0,0,20,0,0,6,10,5,11.0,0,0,6,10,5,11.5,0,16.2,0.3,-0.92,1
1,1,1,9670,1,1,125.0,1,3,3,4,4,115.0,1,0,0,1,1,0,20,0,0,5,8,3,12.0,0,0,5,5,4,12.75,0,7.6,2.6,0.32,1
1,1,1,9238,1,1,120.0,1,34,38,0,7,115.0,1,0,0,1,0,0,20,0,0,6,9,5,11.8,0,0,6,10,4,11.5,0,7.6,2.6,0.32,1
1,17,1,9003,1,1,135.0,1,1,38,9,9,125.0,0,0,0,1,1,0,20,0,0,6,9,0,0.0,0,0,6,10,0,0.0,0,10.8,1.4,1.74,1
1,39,1,9003,1,1,140.0,1,37,37,9,9,130.0,0,0,0,1,0,0,25,0,0,6,8,0,0.0,0,0,6,0,0,0.0,0,15.5,2.8,-4.06,0
1,1,1,9119,1,1,130.0,1,38,38,9,9,120.0,1,0,0,1,0,0,21,0,0,5,10,5,12.0,0,0,5,11,4,12.5,0,7.6,2.6,0.32,1
1,1,1,9238,1,1,122.0,1,34,38,0,7,118.0,1,0,0,1,0,0,19,0,0,6,8,5,12.0,0,0,6,10,4,11.5,0,7.6,2.6,0.32,1
1,1,1,9238,1,1,125.0,1,34,38,0,7,119.0,1,0,0,1,0,0,20,0,0,6,9,5,11.8,0,0,6,10,4,11.5,0,7.6,2.6,0.32,1
1,1,1,9147,1,1,120.0,1,1,19,9,9,115.0,1,0,0,1,1,0,20,0,0,5,9,5,12.0,0,0,5,12,1,13.0,0,7.6,2.6,0.32,1
1,39,1,9003,1,1,133.1,1,37,37,9,9,125.0,0,0,0,1,0,0,28,0,0,6,8,0,0.0,0,0,6,0,0,0.0,0,10.8,1.4,1.74,0
1,1,1,9070,1,1,120.0,1,3,3,9,9,118.0,1,0,0,1,0,0,20,0,0,6,10,5,11.8,0,0,6,11,4,12.0,0,7.6,2.6,0.32,1
1,17,1,9003,1,1,130.0,1,3,1,4,4,122.0,0,0,0,1,0,0,21,0,0,6,8,5,11.0,0,0,6,9,3,11.5,0,12.4,0.5,1.79,1
1,39,1,9991,0,1,133.1,1,37,37,9,9,145.0,0,0,0,1,0,0,26,0,0,5,6,2,10.5,0,0,5,7,3,11.0,0,10.8,1.4,1.74,0
1,1,1,9670,1,1,125.0,1,37,37,4,4,117.0,1,0,0,1,0,0,19,0,0,6,8,6,12.5,0,0,6,9,4,12.0,0,15.5,2.8,-4.06,1
1,39,1,9147,0,1,133.1,1,37,37,9,9,128.0,0,0,0,1,0,0,29,0,0,5,0,0,0.0,0,0,5,0,0,0.0,0,7.6,2.6,0.32,0
1,17,1,9119,1,1,120.0,1,1,1,4,5,120.0,1,0,0,1,1,0,19,0,0,5,7,4,11.5,0,0,5,8,3,11.0,0,13.9,-0.3,0.79,1
1,39,1,9003,1,1,133.1,1,38,38,9,9,120.0,0,0,0,1,0,0,24,0,0,6,0,0,0.0,0,0,6,0,0,0.0,0,10.8,1.4,1.74,0
1,17,1,9238,1,1,120.0,1,1,19,4,10,115.0,1,0,0,1,0,0,18,0,0,6,10,3,11.0,0,0,6,12,4,12.5,0,12.7,3.7,-1.7,1
1,39,1,9147,0,1,133.1,1,37,37,9,9,135.0,0,0,0,1,0,0,27,0,0,5,0,0,0.0,0,0,5,0,0,0.0,0,12.4,0.5,1.79,0
1,17,1,9254,1,1,120.0,1,3,1,4,10,110.0,1,0,0,1,1,0,18,0,0,6,7,5,11.0,0,0,6,9,2,10.5,0,10.8,1.4,1.74,1
1,1,1,9773,1,1,135.0,1,3,2,4,6,130.0,1,0,0,1,0,0,20,0,0,6,8,6,15.0,0,0,6,7,5,13.0,0,11.1,0.6,2.02,1
1,39,1,9991,0,1,133.1,1,37,37,9,9,140.0,0,0,0,1,0,0,30,0,0,5,0,0,0.0,0,0,5,0,0,0.0,0,15.5,2.8,-4.06,0
1,17,1,9254,1,1,125.0,1,1,19,4,10,119.0,1,0,0,1,1,0,19,0,0,6,7,5,11.0,0,0,6,8,2,10.5,0,7.6,2.6,0.32,1
1,39,1,9991,0,1,133.1,1,37,37,9,9,140.0,0,0,0,1,0,0,35,0,0,5,0,0,0.0,0,0,5,0,0,0.0,0,9.4,-0.8,-3.12,0
1,17,1,9254,1,1,120.0,1,1,1,4,10,125.0,0,0,0,1,1,0,19,0,0,6,7,5,10.8,0,0,6,10,2,10.5,0,10.8,1.4,1.74,1
1,39,1,9003,1,1,133.1,1,37,37,9,9,115.0,0,0,0,1,0,0,28,0,0,6,0,0,0.0,0,0,6,0,0,0.0,0,12.7,3.7,-1.7,0
1,1,1,9773,1,1,130.0,1,3,2,4,6,130.0,1,0,0,1,0,0,20,0,0,6,8,6,15.0,0,0,6,7,5,13.0,0,11.1,0.6,2.02,1
1,17,1,9147,1,1,130.0,1,1,38,3,9,128.0,1,0,0,1,0,0,19,0,0,6,11,5,13.0,0,0,6,10,5,12.5,0,12.4,0.5,1.79,0
1,1,1,9003,1,1,135.0,1,3,1,2,4,135.0,1,0,1,1,0,0,19,0,0,6,14,6,11.0,0,0,6,11,4,11.5,0,15.5,2.8,-4.06,1
1,39,1,9670,1,1,140.0,1,37,37,9,6,125.0,0,0,0,1,1,0,32,0,0,6,15,3,13.0,0,0,6,12,3,12.0,0,13.9,-0.3,0.79,0
1,17,2,9773,1,1,139.0,1,3,1,2,7,124.0,1,0,0,1,0,1,20,0,0,6,6,6,14.0,0,0,6,7,6,13.857142857142858,0,15.5,2.8,-4.06,1
1,1,1,9147,1,1,116.0,1,19,19,5,8,127.9,0,0,1,0,0,1,20,0,0,5,12,2,13.0,1,0,5,13,2,11.5,0,9.4,-0.8,-3.12,1
1,1,2,9085,1,1,123.0,1,1,1,4,9,116.7,1,0,0,1,1,1,20,0,0,6,10,4,13.2,0,0,6,8,0,0.0,0,12.4,0.5,1.79,1
1,43,1,9670,1,1,125.0,1,38,19,4,3,106.6,1,0,0,1,0,0,20,0,4,6,7,6,11.5,0,0,6,10,4,10.571428571428571,0,10.8,1.4,1.74,1
1,39,1,9003,1,1,135.0,1,38,38,9,6,138.1,0,0,1,0,0,0,28,0,0,6,6,0,0.0,0,0,6,7,0,0.0,0,8.9,1.4,3.51,0
1,1,6,9500,1,1,138.0,1,1,38,3,9,123.0,1,0,0,1,0,0,19,0,0,7,10,5,13.44,0,0,7,8,6,13.066666666666668,0,12.4,0.5,1.79,1
1,17,2,9085,1,1,133.1,1,19,38,9,1,100.0,1,0,1,0,1,0,19,0,0,6,10,5,12.5,0,0,6,19,2,13.5,0,12.4,0.5,1.79,0
1,43,2,9670,1,1,125.0,1,38,19,4,3,106.6,1,0,0,1,0,0,20,0,4,6,7,6,11.5,0,0,6,10,4,10.571428571428571,0,10.8,1.4,1.74,0
1,39,1,9991,0,1,133.1,1,19,37,9,7,111.4,0,0,0,1,1,0,27,0,0,5,7,1,11.0,0,0,5,7,0,0.0,0,13.9,-0.3,0.79,0
1,1,6,9773,1,1,133.1,1,1,1,90,90,129.6,0,0,0,1,0,0,22,0,0,6,0,0,0.0,0,0,6,0,0,0.0,0,7.6,2.6,0.32,0
1,1,4,9119,1,1,126.0,1,3,19,2,9,123.6,1,0,0,1,1,0,18,0,0,5,6,5,12.4,0,0,5,9,3,13.0,0,8.9,1.4,3.51,1
1,43,1,9003,1,1,120.0,1,37,37,5,9,120.0,1,0,0,1,1,0,39,0,0,6,8,0,0.0,0,1,6,8,2,11.0,0,16.2,0.3,-0.92,0
1,1,3,9238,1,1,117.0,1,19,19,9,9,117.0,1,0,1,1,0,0,19,0,0,6,0,0,0.0,0,0,6,0,0,0.0,0,12.4,0.5,1.79,0
1,1,1,9119,1,1,125.0,1,37,37,9,9,128.0,0,0,1,1,0,0,20,0,0,5,8,4,11.0,0,0,5,9,3,10.5,0,10.8,1.4,1.74,0
1,17,1,9003,1,1,135.0,1,37,1,9,5,130.0,0,0,0,1,0,0,19,0,0,6,10,3,12.5,0,0,6,10,2,11.0,0,12.4,0.5,1.79,1
1,39,1,9254,1,1,133.1,1,1,1,4,10,118.0,0,0,1,1,0,0,24,0,0,6,6,0,0.0,0,0,6,6,0,0.0,0,15.5,2.8,-4.06,0
1,1,1,9119,1,1,120.0,1,1,1,9,5,135.0,1,0,0,1,1,0,22,0,0,5,8,3,11.5,0,0,5,10,3,12.0,0,10.8,1.4,1.74,1
1,17,1,9853,1,1,120.0,1,37,37,9,7,125.0,0,0,0,1,0,0,20,0,0,6,7,3,11.0,0,0,6,11,2,10.5,0,12.7,3.7,-1.7,0
1,1,1,9070,1,1,133.1,1,3,3,5,5,140.0,1,0,1,1,0,0,21,0,0,6,9,5,11.0,0,0,6,8,5,12.0,0,12.7,3.7,-1.7,0
1,39,1,9119,1,40,120.0,1,1,1,5,10,146.8,0,0,0,1,1,0,25,0,2,5,6,5,14.2,0,1,5,5,2,13.5,0,16.2,0.3,-0.92,1
1,1,1,9085,1,1,126.0,1,37,37,9,9,123.9,1,0,0,1,0,0,19,0,0,6,13,4,11.8,0,0,6,18,4,12.2,0,12.4,0.5,1.79,1
1,17,1,9147,1,1,140.0,1,37,37,9,7,132.3,1,0,0,1,0,0,20,0,0,5,9,1,10.0,0,0,5,10,1,11.0,0,7.6,2.6,0.32,0
1,39,1,9500,1,1,133.1,1,19,19,4,6,105.0,0,0,1,1,0,0,27,0,0,7,7,0,0.0,0,0,7,7,0,0.0,0,13.9,-0.3,0.79,0
1,17,1,9254,1,1,123.0,1,38,37,9,7,120.6,1,0,0,0,0,0,19,0,0,6,9,3,11.666666666666666,0,0,6,15,1,10.0,0,10.8,1.4,1.74,0
1,1,1,9119,1,1,146.0,1,37,37,9,9,148.5,1,0,0,1,1,0,18,0,0,5,7,4,10.0,0,0,5,8,1,16.0,0,10.8,1.4,1.74,1
1,17,3,9147,1,1,118.0,1,1,19,5,7,118.0,0,0,0,1,0,0,20,0,0,5,11,4,11.0,0,0,5,7,5,13.2,0,12.4,0.5,1.79,1
1,39,1,9003,1,1,133.1,1,37,37,3,8,130.0,0,0,1,1,0,1,30,0,0,6,6,0,0.0,0,0,6,6,0,0.0,0,11.1,0.6,2.02,1
1,1,1,9238,1,1,135.0,1,37,19,5,10,121.0,0,0,1,1,0,0,18,0,0,6,10,5,10.6,0,0,6,14,2,10.0,0,7.6,2.6,0.32,1
1,17,1,9670,1,1,115.0,1,19,19,191,171,109.1,0,0,1,0,1,0,21,0,0,6,11,4,12.25,0,0,6,9,4,13.4,0,11.1,0.6,2.02,1
1,43,1,9147,1,1,130.0,1,3,19,2,9,118.5,0,0,1,0,0,0,23,0,0,6,4,2,9.5,0,0,6,8,3,11.0,0,16.2,0.3,-0.92,0
1,44,1,9130,1,39,148.0,1,1,1,4,4,145.0,1,0,0,1,0,0,19,0,0,5,7,4,12.3,1,0,5,6,4,12.6,0,10.8,1.4,1.74,1
1,17,5,9254,1,1,115.0,1,1,1,2,3,112.0,1,0,0,1,1,0,22,0,0,6,9,4,11.8,0,0,6,10,2,10.7,0,9.4,-0.8,-3.12,1
1,1,5,9500,1,1,140.0,1,37,19,4,4,120.0,1,0,0,1,1,0,18,0,0,7,0,0,0.0,0,0,8,0,0,0.0,0,7.6,2.6,0.32,0
1,43,1,9853,1,1,112.0,1,37,37,9,9,105.0,0,0,1,0,0,0,27,0,0,6,0,0,0.0,0,0,5,10,0,0.0,0,10.8,1.4,1.74,0
1,1,1,9773,1,1,123.0,17,1,1,3,5,116.0,1,0,1,0,0,0,20,1,0,6,7,5,12.0,0,0,6,6,4,11.5,0,16.2,0.3,-0.92,0
4,39,1,9853,1,1,145.0,1,37,1,9,10,138.0,0,0,1,0,0,0,30,0,0,7,7,6,12.5,0,0,7,9,5,12.4,0,8.9,1.4,3.51,0
1,1,1,9147,1,1,127.0,1,37,38,4,9,119.0,1,0,0,1,0,0,19,0,0,5,8,2,10.3,0,0,5,7,3,12.1,0,7.6,2.6,0.32,1
1,17,3,9070,1,1,130.0,1,38,37,5,5,118.0,1,0,0,1,1,0,17,0,0,6,6,6,12.6,0,0,6,8,5,11.2,0,15.5,2.8,-4.06,1
1,1,1,9130,1,1,135.0,1,40,19,2,9,129.0,1,0,0,1,0,0,17,0,0,6,8,5,14.2,0,0,6,10,4,14.4,0,8.9,1.4,3.51,0
1,39,1,9254,1,39,135.0,1,1,1,5,10,123.0,0,0,0,0,1,0,25,0,0,6,0,0,0.0,0,0,6,0,0,0.0,0,16.2,0.3,-0.92,0
1,1,1,9853,1,1,124.0,1,38,38,9,9,124.0,0,0,1,0,0,0,18,0,0,7,10,4,11.7,0,0,7,8,6,11.6,0,16.2,0.3,-0.92,0
1,17,4,9670,1,1,125.0,1,1,1,4,7,113.0,0,0,0,0,0,0,20,0,0,6,6,3,12.5,0,0,6,9,5,13.0,0,10.8,1.4,1.74,0
1,42,1,9773,1,1,132.0,1,19,6,4,3,119.0,0,0,0,1,1,0,26,0,0,4,8,0,0.0,0,0,5,9,0,0.0,0,9.4,-0.8,-3.12,0
1,39,1,9003,1,1,132.0,1,37,37,3,8,128.0,0,0,1,1,0,1,29,0,0,6,6,0,0.0,0,0,6,5,0,0.0,0,11.1,0.6,2.02,1
1,1,3,9254,1,1,120.0,1,19,19,9,9,124.0,1,0,0,1,0,0,21,0,0,6,9,4,9.8,0,0,6,11,2,13.3,0,9.4,-0.8,-3.12,1
1,1,1,9003,1,1,125.0,1,37,37,9,9,115.0,0,0,1,0,0,0,45,0,0,6,6,0,0.0,0,0,6,6,0,0.0,0,11.1,0.6,2.02,0
1,1,1,9773,1,1,120.0,1,37,37,9,9,128.0,1,0,0,1,0,0,20,0,0,6,10,5,13.0,0,0,6,10,5,12.5,0,7.6,2.6,0.32,1
1,1,1,9119,1,1,135.0,1,1,19,7,7,120.0,0,0,0,1,1,0,21,0,0,5,10,0,0.0,0,0,5,10,0,0.0,0,10.8,1.4,1.74,0
1,1,1,9773,1,1,122.0,1,37,37,9,9,125.0,1,0,1,1,0,0,22,0,0,6,12,5,13.0,0,0,6,12,5,12.5,0,9.4,-0.8,-3.12,1
1,1,1,9003,1,1,128.0,1,1,1,9,9,112.0,0,0,0,1,1,0,30,0,0,6,7,0,0.0,0,0,6,7,0,0.0,0,16.2,0.3,-0.92,0
1,39,1,9003,1,1,120.0,1,37,37,9,9,110.0,0,0,1,0,0,0,40,0,0,6,6,0,0.0,0,0,6,6,0,0.0,0,15.5,2.8,-4.06,0
1,1,1,9773,1,1,133.1,1,1,1,90,90,130.0,0,0,0,1,0,0,21,0,0,6,0,0,0.0,0,0,6,0,0,0.0,0,7.6,2.6,0.32,0
1,1,1,9147,1,1,130.0,1,38,38,7,5,135.0,0,0,0,1,0,0,18,0,0,5,9,1,11.0,1,0,5,10,0,0.0,0,9.4,-0.8,-3.12,1
1,1,1,9003,1,1,120.0,1,37,37,9,9,115.0,0,0,1,0,0,0,42,0,0,6,6,0,0.0,0,0,6,6,0,0.0,0,11.1,0.6,2.02,0
1,1,1,9773,1,1,125.0,1,37,37,9,9,127.0,1,0,0,1,0,1,19,0,0,6,10,4,11.0,0,0,6,10,3,11.666666666666666,0,9.4,-0.8,-3.12,1
1,1,1,9003,1,1,130.0,1,37,37,9,9,113.0,1,0,0,0,1,0,30,0,0,6,15,1,12.0,0,0,6,8,0,0.0,0,15.5,2.8,-4.06,0
1,1,1,9119,1,1,130.0,1,1,19,7,7,122.0,0,0,0,1,1,0,20,0,0,5,10,0,0.0,0,0,5,10,0,0.0,0,10.8,1.4,1.74,0
1,1,1,9773,1,1,133.1,1,1,1,90,90,132.0,0,0,0,1,0,0,20,0,0,6,0,0,0.0,0,0,6,0,0,0.0,0,7.6,2.6,0.32,0
1,1,1,9147,1,1,130.0,1,38,38,7,5,130.0,0,0,0,1,0,0,18,0,0,5,10,1,11.0,1,0,5,10,0,0.0,0,9.4,-0.8,-3.12,1
1,1,1,9003,1,1,125.0,1,37,37,9,9,112.0,0,0,1,0,0,0,47,0,0,6,6,0,0.0,0,0,6,6,0,0.0,0,11.1,0.6,2.02,0
1,17,1,9119,1,1,128.0,1,1,1,3,3,110.0,0,0,1,0,0,0,22,0,0,5,6,2,10.5,0,0,5,5,0,0.0,0,12.4,0.5,1.79,0
2,39,1,9147,1,1,133.1,1,37,37,5,7,115.0,0,0,0,1,1,0,20,0,0,5,14,0,0.0,1,0,5,5,0,0.0,0,9.4,-0.8,-3.12,1
1,17,1,9238,1,1,120.0,1,1,1,3,3,112.0,1,0,0,1,0,1,21,0,0,6,10,3,10.0,0,0,6,12,5,11.5,0,15.5,2.8,-4.06,1
1,39,1,9085,1,1,140.0,1,3,3,4,2,142.0,1,0,0,1,0,0,28,0,0,6,13,3,10.5,0,0,6,19,1,12.0,0,12.4,0.5,1.79,0
1,43,1,9991,0,1,161.0,1,37,37,9,9,100.0,1,0,0,1,0,0,27,0,0,5,5,0,0.0,0,0,5,5,0,0.0,0,7.6,2.6,0.32,0
1,1,5,9773,1,1,126.0,1,3,3,2,2,121.1,0,0,1,1,0,0,18,0,0,6,6,4,12.75,0,0,5,5,0,0.0,0,12.7,3.7,-1.7,0
1,17,5,9119,1,1,123.0,1,3,1,2,9,116.0,1,0,1,0,1,0,20,0,0,5,5,0,0.0,0,0,5,5,0,0.0,0,8.9,1.4,3.51,0
2,39,1,9254,1,19,133.1,1,34,34,0,0,120.0,0,0,1,0,1,0,45,0,0,6,12,0,0.0,0,0,6,12,0,0.0,0,9.4,-0.8,-3.12,0
1,39,1,9130,1,10,133.1,1,12,36,90,90,128.2,0,0,0,0,1,1,30,0,0,5,13,0,0.0,3,0,5,5,0,0.0,5,9.4,-0.8,-3.12,0
1,17,1,9853,1,1,133.1,1,34,34,0,0,118.9,1,0,0,1,0,0,21,0,0,6,12,3,11.333333333333334,0,0,6,10,3,11.333333333333334,0,7.6,2.6,0.32,0
1,1,1,9147,1,1,128.0,1,1,1,2,10,116.5,0,0,0,1,1,0,19,0,0,5,8,2,10.0,0,0,5,8,1,16.0,0,7.6,2.6,0.32,0
1,17,4,9119,1,1,127.0,1,19,19,5,5,120.4,1,0,1,0,1,0,18,0,0,5,12,0,0.0,0,0,5,8,0,0.0,0,9.4,-0.8,-3.12,1
1,7,1,9991,0,40,130.0,1,38,38,9,7,130.0,0,0,0,1,1,0,38,0,10,10,10,10,13.6,0,5,10,10,5,13.6,0,8.9,1.4,3.51,0
1,17,1,9147,1,1,114.0,1,19,19,9,7,107.7,0,0,0,1,0,0,19,0,0,5,7,2,10.0,0,0,5,11,2,14.0,0,10.8,1.4,1.74,0
1,44,1,9003,1,39,130.0,1,37,37,9,10,130.0,0,0,0,1,1,0,25,0,0,6,6,0,0.0,0,0,6,8,0,0.0,0,15.5,2.8,-4.06,0
1,39,1,9991,0,1,133.1,1,37,37,9,9,143.2,0,0,0,1,1,0,35,0,0,5,5,0,0.0,0,0,5,5,0,0.0,0,11.1,0.6,2.02,0
1,1,1,9003,1,1,130.0,1,1,1,3,5,120.0,0,0,1,0,0,0,20,0,0,6,0,0,0.0,0,0,6,0,0,0.0,0,16.2,0.3,-0.92,0
1,39,1,9119,1,1,133.1,1,37,37,9,9,125.0,0,0,0,1,1,0,21,0,0,5,6,4,10.0,0,0,5,7,3,11.0,0,10.8,1.4,1.74,1
1,44,1,9003,1,39,130.0,1,3,1,4,6,130.0,0,0,0,1,1,0,19,0,0,6,8,5,11.5,0,0,6,11,6,11.333333333333334,0,12.4,0.5,1.79,1
1,1,1,9147,1,1,123.0,1,1,1,4,6,118.8,1,0,0,1,0,0,21,0,0,5,9,3,10.666666666666666,0,0,5,13,2,12.5,0,7.6,2.6,0.32,1
1,39,1,9254,1,1,133.1,1,37,37,7,7,110.0,0,0,0,1,1,0,24,0,0,6,7,0,0.0,0,0,6,7,0,0.0,0,16.2,0.3,-0.92,0
1,17,2,9254,1,1,115.0,1,19,19,5,5,109.8,1,0,0,1,0,0,19,0,0,6,8,4,11.25,0,0,6,8,4,12.0,0,10.8,1.4,1.74,1
1,1,1,9670,1,1,126.0,1,37,19,7,7,125.7,0,0,0,1,0,0,20,0,0,6,9,6,13.571428571428571,0,0,6,10,5,13.6,0,15.5,2.8,-4.06,1
1,1,1,9147,1,1,143.0,1,1,37,9,9,135.0,1,0,0,1,0,0,21,0,0,5,8,4,11.0,0,0,5,8,5,12.0,0,7.6,2.6,0.32,1
1,39,1,9003,1,19,133.1,1,37,37,9,10,120.0,0,0,1,0,1,0,38,0,0,6,8,0,0.0,0,0,6,10,0,0.0,0,16.2,0.3,-0.92,0
1,39,1,9991,0,1,120.0,1,1,1,5,5,96.0,1,0,0,0,1,0,38,0,0,5,5,0,0.0,0,0,5,5,0,0.0,0,8.9,1.4,3.51,0
1,1,1,9119,1,1,140.0,1,37,19,9,9,166.0,1,0,1,1,1,0,20,0,0,5,7,0,0.0,0,0,5,5,0,0.0,0,9.4,-0.8,-3.12,1
1,1,1,9500,1,1,133.1,1,1,19,3,5,115.0,0,0,0,0,1,0,20,0,0,7,11,4,12.6,0,0,7,7,4,11.575,0,16.2,0.3,-0.92,0
1,1,1,9238,1,1,133.1,1,19,1,1,3,101.0,0,0,0,1,0,0,21,0,0,6,0,0,0.0,0,0,6,0,0,0.0,0,15.5,2.8,-4.06,0
1,39,1,9254,1,39,137.0,1,1,1,5,10,124.5,0,0,0,0,1,0,26,0,0,6,0,0,0.0,0,0,6,0,0,0.0,0,16.2,0.3,-0.92,0
1,1,1,9070,1,1,124.0,1,19,37,4,4,126.8,0,0,0,1,0,1,18,0,1,6,8,6,12.0,1,0,6,12,5,11.142857142857142,0,13.9,-0.3,0.79,1
1,17,2,9254,1,1,115.0,1,19,19,9,7,113.3,1,0,1,1,0,0,21,0,0,6,0,0,0.0,0,0,6,0,0,0.0,0,11.1,0.6,2.02,0
2,39,1,9556,1,1,110.0,1,37,37,9,9,125.0,0,0,0,1,1,0,23,0,0,7,15,5,11.0,0,0,7,14,4,12.5,0,12.7,3.7,-1.7,0
1,17,1,9147,1,1,145.0,1,19,1,9,7,138.0,1,0,0,1,1,0,19,0,0,5,0,0,0.0,0,0,5,0,0,0.0,0,12.4,0.5,1.79,1
1,39,1,9085,1,1,132.0,1,37,19,9,7,131.0,1,0,0,1,0,0,27,0,0,5,12,4,11.5,1,0,5,10,4,10.0,0,12.7,3.7,-1.7,1
1,43,1,9130,1,1,123.0,1,2,3,3,2,121.0,1,0,0,0,1,0,21,0,0,6,1,1,10.0,0,0,4,6,0,0.0,2,10.8,1.4,1.74,0
1,1,5,9130,1,1,158.0,1,3,1,2,9,151.0,1,0,0,1,0,0,18,0,0,5,13,1,13.0,0,0,5,7,2,12.5,0,12.7,3.7,-1.7,0
1,1,1,9773,1,1,126.0,1,5,3,4,4,123.0,1,0,0,1,1,0,20,0,0,6,7,6,12.0,0,0,6,9,3,12.0,0,12.4,0.5,1.79,1
1,17,1,9119,1,1,120.0,1,19,19,9,9,115.0,0,0,0,1,1,0,20,0,0,5,6,5,15.5,0,0,5,8,5,13.5,0,11.1,0.6,2.02,1
1,1,2,9853,1,1,130.0,1,1,1,2,9,122.0,1,0,0,1,0,0,19,0,0,6,6,6,13.0,0,0,6,6,0,0.0,0,12.7,3.7,-1.7,0
1,1,1,9238,1,1,126.0,1,19,38,7,7,119.0,0,0,0,1,1,0,20,0,0,6,12,4,11.5,0,0,6,13,3,11.0,0,15.5,2.8,-4.06,1
1,1,2,9773,1,1,128.0,1,1,19,4,5,121.0,1,0,0,1,0,0,17,0,0,5,7,2,10.0,0,0,1,1,0,0.0,0,12.7,3.7,-1.7,0
1,1,1,9773,1,1,122.0,1,19,37,9,9,119.0,0,0,1,0,1,1,17,0,0,6,11,5,12.0,0,0,6,15,3,12.0,0,13.9,-0.3,0.79,0
2,39,1,9991,0,19,134.0,1,37,1,5,5,139.0,0,0,0,1,1,0,45,0,0,5,9,3,11.0,0,0,5,8,5,11.0,0,13.9,-0.3,0.79,0
1,1,2,9773,1,1,122.0,1,19,19,9,9,123.0,0,0,0,1,1,0,19,0,0,6,0,0,0.0,0,0,6,0,0,0.0,0,12.4,0.5,1.79,0
4,42,1,9147,1,1,134.0,1,37,38,7,3,124.0,1,0,0,1,1,0,32,0,0,5,5,1,10.0,0,0,5,5,0,0.0,0,7.6,2.6,0.32,0
1,7,1,9085,1,3,141.0,1,19,20,4,90,141.0,1,0,0,1,0,0,31,0,0,5,8,1,14.0,2,0,5,12,0,0.0,4,10.8,1.4,1.74,1
1,1,1,9500,1,1,118.0,1,19,19,194,193,118.0,1,0,0,1,0,0,19,0,0,7,12,5,12.0,0,0,7,9,6,12.0,0,11.1,0.6,2.02,1
1,1,1,9147,1,1,125.0,1,1,1,5,5,120.0,0,0,0,1,1,0,23,0,0,6,14,3,11.5,0,0,6,15,2,13.0,0,12.4,0.5,1.79,1
1,17,1,9119,1,1,135.0,1,19,38,9,7,128.0,0,0,0,1,1,0,19,0,0,5,9,4,11.0,0,0,5,7,3,12.0,0,16.2,0.3,-0.92,1
1,39,1,9500,1,1,115.0,1,1,37,9,9,120.0,1,0,0,1,1,0,25,0,0,7,8,7,13.5,0,0,7,9,6,14.5,0,7.6,2.6,0.32,1
1,17,2,9670,1,1,130.0,1,1,19,5,5,118.0,1,0,0,1,0,0,20,0,0,6,0,0,0.0,0,0,6,0,0,0.0,0,8.9,1.4,3.51,0
1,17,5,9147,1,1,132.0,1,1,1,4,4,130.0,1,0,0,1,0,0,21,0,0,5,10,2,10.5,0,0,5,11,2,11.0,0,7.6,2.6,0.32,0
1,43,1,9130,1,1,158.0,1,19,1,9,4,155.0,0,0,1,0,1,0,23,0,0,6,12,5,12.0,0,0,6,10,4,11.0,0,15.5,2.8,-4.06,0
1,1,1,9147,1,1,118.0,1,19,19,5,7,120.0,0,0,0,1,1,0,22,0,0,5,7,5,10.5,0,0,5,9,2,12.5,0,7.6,2.6,0.32,1
1,17,1,9119,1,1,145.0,1,19,38,9,7,125.0,0,0,0,1,1,0,17,0,0,5,11,3,11.5,0,0,5,5,3,11.0,1,16.2,0.3,-0.92,1
1,42,1,9119,1,1,123.0,1,19,37,9,9,110.0,0,0,0,0,1,0,26,0,0,5,0,0,0.0,0,0,5,0,0,0.0,0,15.5,2.8,-4.06,0
1,1,3,9500,1,1,110.0,1,3,1,134,135,105.0,1,0,0,1,0,1,21,0,0,7,11,5,14.0,0,0,7,7,6,13.0,0,12.4,0.5,1.79,1
1,7,1,9556,1,3,135.0,1,1,37,4,8,132.0,0,0,0,0,1,0,24,0,3,7,8,3,13.0,0,3,8,9,3,11.0,4,10.8,1.4,1.74,0
1,17,3,9254,1,1,120.0,1,1,1,4,4,127.0,0,0,0,0,0,0,19,0,0,5,6,5,11.0,0,0,6,14,0,0.0,0,10.8,1.4,1.74,0
1,43,2,9238,1,1,130.0,1,34,30,0,5,120.0,1,0,0,1,1,0,23,0,0,6,10,0,0.0,0,0,5,11,0,0.0,0,9.4,-0.8,-3.12,0
1,17,1,9238,1,1,150.0,1,19,37,9,7,142.0,1,0,0,1,0,1,19,0,0,6,14,2,10.5,0,0,6,13,4,11.0,0,7.6,2.6,0.32,1
1,17,2,9085,1,1,122.0,1,1,1,9,10,117.0,0,0,0,0,0,0,21,0,0,5,7,2,11.0,0,0,5,10,2,13.0,0,7.6,2.6,0.32,0
1,1,1,9556,1,1,175.0,103,5,3,1,1,180.0,1,0,0,1,0,0,18,1,0,7,9,4,12.5,0,0,8,7,0,0.0,0,16.2,0.3,-0.92,0
1,17,1,9147,1,1,130.0,1,37,38,9,9,120.0,0,0,0,1,1,0,19,0,0,5,8,4,11.5,0,0,5,10,3,11.0,0,12.7,3.7,-1.7,0
1,39,1,9003,1,1,133.1,1,19,19,9,9,120.0,0,0,0,1,1,0,25,0,0,6,7,0,0.0,0,0,6,8,0,0.0,0,13.9,-0.3,0.79,0
1,1,1,9670,1,1,120.0,1,19,1,7,4,118.0,0,0,0,1,1,0,20,0,0,5,8,4,12.0,0,0,5,7,4,11.0,0,10.8,1.4,1.74,1
1,17,1,9119,1,1,125.0,1,19,1,4,5,118.0,0,0,0,1,1,0,19,0,0,5,9,2,11.0,0,0,5,10,3,12.0,0,11.1,0.6,2.02,1
1,39,1,9003,1,1,133.1,1,37,37,9,9,118.0,0,0,0,1,0,0,28,0,0,6,10,3,10.5,0,0,6,10,3,11.0,0,12.7,3.7,-1.7,0
1,1,1,9147,1,1,132.0,1,38,37,7,7,130.0,1,0,0,1,0,0,18,0,0,5,9,4,12.0,0,0,5,8,4,12.25,0,9.4,-0.8,-3.12,1
1,17,1,9119,1,1,128.0,1,19,19,9,9,116.0,1,0,0,1,1,0,18,0,0,5,10,4,11.5,0,0,5,11,0,0.0,0,13.9,-0.3,0.79,1
1,39,1,9500,1,1,133.1,1,37,37,9,9,125.0,0,0,0,1,0,0,26,0,0,7,13,3,12.3,0,0,7,14,2,11.0,0,16.2,0.3,-0.92,0
1,17,1,9238,1,1,135.0,1,38,37,7,7,135.0,1,0,0,1,1,0,19,0,0,6,9,5,12.0,0,0,6,8,5,12.0,0,8.9,1.4,3.51,1
1,39,1,9003,1,1,133.1,1,37,37,9,9,119.0,0,0,0,1,0,0,29,0,0,6,8,3,11.0,0,0,6,7,2,10.0,0,16.2,0.3,-0.92,1
1,1,1,9147,1,1,130.0,1,38,37,7,7,129.0,1,0,0,1,0,0,18,0,0,5,7,4,11.0,0,0,5,8,4,12.0,0,9.4,-0.8,-3.12,1
1,1,1,9670,1,1,128.0,1,1,1,7,4,123.0,0,0,0,1,1,0,22,0,0,5,7,5,11.0,0,0,5,5,4,11.0,0,9.4,-0.8,-3.12,1
1,17,1,9119,1,1,120.0,1,19,19,9,9,114.0,0,0,0,1,1,0,20,0,0,5,7,3,12.0,0,0,5,10,2,12.0,0,11.1,0.6,2.02,1
1,39,1,9003,1,1,133.1,1,19,19,9,9,117.0,0,0,0,1,0,0,27,0,0,6,6,0,0.0,0,0,6,7,0,0.0,0,13.9,-0.3,0.79,0
1,1,1,9147,1,1,135.0,1,38,37,7,7,133.0,1,0,0,1,0,0,19,0,0,5,8,4,11.5,0,0,5,8,4,12.0,0,12.4,0.5,1.79,1
1,17,1,9238,1,1,130.0,1,37,37,7,7,128.0,1,0,0,1,1,0,18,0,0,6,10,4,12.0,0,0,6,7,5,11.8,0,8.9,1.4,3.51,1
1,43,1,9254,1,1,130.0,1,3,1,2,2,120.0,0,0,0,1,1,0,20,0,0,6,14,3,12.0,0,0,6,10,4,10.5,0,12.7,3.7,-1.7,1
1,39,1,9500,1,1,110.0,1,3,1,2,5,123.0,1,0,0,1,0,0,22,0,0,8,12,7,12.0,0,0,8,12,7,12.0,0,10.8,1.4,1.74,1
1,44,1,9003,1,39,130.0,1,37,37,9,10,125.0,0,0,0,1,1,0,24,0,0,6,7,0,0.0,0,0,6,9,0,0.0,0,15.5,2.8,-4.06,0
1,1,1,9147,1,1,140.0,1,19,38,9,9,135.0,1,0,0,1,0,0,21,0,0,5,8,3,11.0,0,0,5,7,2,13.0,0,8.9,1.4,3.51,0
1,1,1,9070,1,1,133.1,1,1,1,4,9,140.0,1,0,0,1,0,0,20,0,0,6,8,5,11.5,0,0,6,10,3,11.0,0,12.7,3.7,-1.7,1
1,39,1,9500,1,1,100.0,1,3,1,2,5,122.0,1,0,0,1,0,0,30,0,0,8,11,7,11.7,0,0,8,11,7,11.7,0,10.8,1.4,1.74,1
1,1,1,9773,1,1,130.0,1,1,1,4,4,120.0,1,0,0,1,0,0,19,0,0,6,7,6,14.0,0,0,6,7,5,15.0,0,11.1,0.6,2.02,1
1,39,1,9556,1,19,133.1,1,19,1,7,10,100.0,0,0,1,0,1,0,26,0,0,7,10,0,0.0,0,0,7,8,0,0.0,0,15.5,2.8,-4.06,0
1,44,1,9003,1,39,135.0,1,37,37,9,10,120.0,0,0,1,1,1,0,23,0,0,6,6,0,0.0,0,0,6,8,0,0.0,0,16.2,0.3,-0.92,0
1,17,1,9147,1,1,125.0,1,19,1,7,4,115.0,1,0,0,1,1,0,18,0,0,5,7,3,11.0,0,0,5,10,3,12.0,0,10.8,1.4,1.74,1
1,39,1,9670,1,1,140.0,1,37,37,6,6,120.0,0,0,0,1,0,0,28,0,0,6,8,1,10.0,0,0,6,9,0,0.0,0,10.8,1.4,1.74,0
1,1,1,9238,1,1,120.0,1,1,1,9,9,110.0,1,0,0,1,1,0,22,0,0,6,6,4,11.25,0,0,6,7,3,11.0,0,8.9,1.4,3.51,1
1,1,1,9070,1,1,130.0,1,38,37,3,6,130.0,1,0,0,1,0,1,19,0,0,6,9,5,12.0,0,0,6,10,2,11.333333333333334,0,8.9,1.4,3.51,0
1,39,1,9500,1,1,133.1,1,19,19,5,6,121.4,0,0,1,1,0,0,28,0,0,7,12,4,13.375,0,0,7,7,5,13.5,0,13.9,-0.3,0.79,1
1,1,1,9085,1,1,133.1,1,38,37,1,1,115.0,1,0,0,1,0,0,21,0,0,5,8,3,11.333333333333334,1,0,5,8,3,13.333333333333334,0,12.7,3.7,-1.7,1
1,44,1,9119,1,39,130.0,1,38,19,9,5,130.0,1,0,0,1,1,0,19,0,0,5,9,2,12.5,0,0,5,10,3,11.6,0,12.4,0.5,1.79,1
1,1,1,9119,1,1,128.0,1,1,1,1,1,118.0,0,0,0,1,1,0,22,0,0,6,6,4,11.5,0,0,6,6,0,0.0,0,10.8,1.4,1.74,0
1,39,1,9500,1,1,133.1,1,37,37,9,9,120.0,0,0,0,1,1,0,25,0,0,7,10,5,12.0,0,0,7,11,4,11.8,0,11.1,0.6,2.02,0
1,17,1,9254,1,1,120.0,1,19,19,4,4,125.0,1,0,0,1,1,0,19,0,0,5,8,5,11.8,0,0,5,9,3,11.0,0,12.7,3.7,-1.7,1
1,1,1,9670,1,1,120.0,1,1,1,1,1,125.0,0,0,0,1,1,0,20,0,0,6,10,5,11.0,0,0,6,11,3,11.5,0,9.4,-0.8,-3.12,1
1,39,1,9003,1,1,133.1,1,38,38,9,9,120.0,0,0,0,1,1,0,28,0,0,6,11,4,12.0,0,0,6,12,3,11.8,0,13.9,-0.3,0.79,1
1,1,1,9085,1,1,130.0,1,1,1,1,1,125.0,0,0,0,1,0,0,21,0,0,5,13,4,12.0,0,0,5,8,3,11.0,0,9.4,-0.8,-3.12,1
1,1,1,9147,1,1,135.0,1,3,38,1,7,121.0,0,0,0,1,1,0,19,0,0,6,9,3,10.5,0,0,6,10,2,11.0,0,7.6,2.6,0.32,1
1,39,1,9500,1,1,133.1,1,37,37,7,7,120.0,0,0,0,1,1,0,30,0,0,7,12,5,12.0,0,0,7,11,4,11.5,0,11.1,0.6,2.02,1
1,17,1,9238,1,1,125.0,1,19,19,4,4,120.0,0,0,0,1,1,0,22,0,0,6,10,5,11.6,0,0,6,8,4,11.0,0,16.2,0.3,-0.92,1
1,1,1,9670,1,1,130.0,1,1,1,1,1,120.0,0,0,0,1,1,0,23,0,0,5,8,5,11.0,0,0,5,10,3,11.5,0,9.4,-0.8,-3.12,0
1,39,1,9500,1,1,133.1,1,37,37,9,9,125.0,0,0,0,1,1,0,27,0,0,7,10,5,12.5,0,0,7,11,4,11.7,0,11.1,0.6,2.02,1
1,17,1,9773,1,1,140.0,1,19,19,4,4,130.0,1,0,0,1,0,0,21,0,0,6,9,6,11.8,0,0,6,8,5,11.5,0,7.6,2.6,0.32,1
1,44,1,9003,1,1,120.0,1,3,2,2,6,120.0,1,0,0,1,1,0,20,0,4,9,14,7,11.3,2,2,8,15,4,12.3,0,12.7,3.7,-1.7,1
1,18,3,9254,1,1,121.0,1,19,19,9,6,125.9,1,0,0,1,1,0,18,0,0,6,0,0,0.0,0,0,6,0,0,0.0,0,13.9,-0.3,0.79,0
1,1,2,9147,1,1,133.0,1,19,1,5,10,121.8,0,0,0,1,1,0,20,0,0,5,9,4,10.2,0,0,5,6,3,11.0,0,15.5,2.8,-4.06,1
1,39,1,9238,1,1,140.0,1,34,34,0,0,114.0,1,0,0,0,0,0,28,0,0,6,11,1,13.0,0,0,6,12,0,0.0,0,9.4,-0.8,-3.12,0
1,39,1,9085,1,1,135.0,1,37,37,9,9,110.0,0,0,1,0,0,0,22,0,0,5,8,3,11.0,0,0,5,9,3,11.5,0,10.8,1.4,1.74,0
1,17,1,9147,1,1,128.0,1,1,1,4,4,125.0,1,0,0,1,0,1,20,0,0,5,7,5,13.0,0,0,5,10,3,12.0,0,11.1,0.6,2.02,1
1,39,1,9119,1,1,130.0,1,37,37,9,9,115.0,0,0,0,1,1,0,25,0,0,5,10,2,10.5,0,0,5,11,2,11.0,0,7.6,2.6,0.32,1
2,39,1,9853,1,1,120.0,1,37,37,9,9,100.0,0,0,1,0,0,0,30,0,0,6,5,0,0.0,0,0,5,7,0,0.0,0,10.8,1.4,1.74,0
1,44,1,9003,1,39,133.1,1,37,37,9,9,140.0,0,0,0,1,0,0,21,0,0,6,12,3,10.666666666666666,2,0,6,12,4,12.0,0,15.5,2.8,-4.06,0
1,1,1,9238,1,1,125.0,1,1,1,3,4,110.0,1,0,0,1,1,1,19,0,0,6,8,5,12.0,0,0,6,12,2,10.0,0,11.1,0.6,2.02,1
1,39,1,9119,1,1,140.0,1,19,19,9,7,110.0,0,0,1,1,1,0,24,0,0,5,11,1,10.0,0,0,5,11,1,11.0,0,8.9,1.4,3.51,1
1,1,1,9147,1,1,120.0,1,2,2,3,4,118.0,1,0,0,1,1,0,18,0,0,6,10,3,11.0,0,0,6,12,2,10.0,0,11.1,0.6,2.02,1
1,43,1,9773,1,1,119.0,1,19,37,5,5,105.0,1,0,0,1,0,0,23,0,0,6,11,3,11.333333333333334,0,0,6,7,2,11.0,0,16.2,0.3,-0.92,1
1,1,4,9500,1,1,136.0,1,1,1,9,1,133.0,1,0,0,1,0,0,19,0,0,7,8,5,13.98,0,0,7,8,5,13.98,0,7.6,2.6,0.32,1
1,1,1,9070,1,1,132.0,1,4,39,2,2,136.6,1,0,0,1,0,0,18,0,1,6,10,6,11.714285714285714,1,0,6,15,6,10.375,0,13.9,-0.3,0.79,1
1,1,6,9853,1,1,114.0,1,19,19,9,9,110.2,1,0,0,1,1,0,20,0,0,6,8,5,12.2,0,0,6,7,5,12.2,0,10.8,1.4,1.74,0
1,51,1,9147,1,1,130.0,1,1,1,4,4,120.0,0,0,0,1,0,0,21,0,0,5,9,5,12.8,0,0,5,11,3,12.666666666666666,0,11.1,0.6,2.02,1
1,39,1,9991,0,1,150.0,1,1,19,4,8,123.0,0,0,0,1,1,0,27,0,0,5,8,4,11.5,0,0,5,9,3,10.333333333333334,0,12.7,3.7,-1.7,0
1,39,1,9147,1,12,133.1,1,37,37,9,9,140.0,0,0,0,1,1,0,29,0,0,5,0,0,0.0,0,0,5,0,0,0.0,0,9.4,-0.8,-3.12,0
1,43,1,9556,1,1,126.0,1,2,3,3,2,100.0,0,0,0,1,0,0,25,0,2,7,10,3,13.0,0,1,8,10,3,11.666666666666666,4,10.8,1.4,1.74,1
1,1,1,9147,1,1,125.0,1,38,37,3,5,115.0,1,0,1,0,0,0,22,0,0,5,0,0,0.0,0,0,5,0,0,0.0,0,12.4,0.5,1.79,0
1,39,1,9119,1,1,130.0,1,37,37,9,6,121.0,1,0,0,1,1,0,20,0,0,5,9,2,11.0,0,0,5,6,3,11.5,0,10.8,1.4,1.74,1
1,17,1,9254,1,1,120.0,1,38,38,5,5,125.0,1,0,0,1,0,0,19,0,0,6,8,4,12.0,0,0,6,10,3,11.0,0,7.6,2.6,0.32,1
1,1,1,9500,1,1,135.0,1,19,19,3,9,130.0,1,0,0,1,0,0,20,0,0,7,10,6,13.0,0,0,7,12,6,13.5,0,12.7,3.7,-1.7,0
2,39,1,9991,0,1,133.1,1,37,37,6,3,140.0,0,0,1,1,1,0,37,0,0,5,10,4,10.75,0,0,5,12,3,13.333333333333334,0,9.4,-0.8,-3.12,0
1,1,2,9670,1,1,120.0,1,37,19,7,7,125.0,0,0,0,1,0,0,21,0,0,6,9,6,13.0,0,0,6,10,5,13.0,0,15.5,2.8,-4.06,1
1,1,1,9003,1,39,120.0,1,19,3,2,2,115.0,0,0,0,1,1,0,18,0,1,7,13,3,10.0,0,0,6,14,2,11.5,0,15.5,2.8,-4.06,1
1,17,1,9254,1,1,125.0,1,38,38,9,8,120.0,1,0,0,1,1,0,19,0,0,6,13,1,10.0,0,0,5,5,1,10.0,0,12.7,3.7,-1.7,1
1,44,1,9130,1,39,140.0,1,4,4,2,10,140.0,1,0,0,1,1,0,20,0,1,5,8,2,11.5,0,1,5,13,2,11.5,0,12.7,3.7,-1.7,0
1,1,1,9254,1,1,129.0,1,1,1,4,2,126.2,0,0,1,0,0,1,21,0,0,6,7,6,13.428571428571429,0,0,6,8,6,11.333333333333334,0,8.9,1.4,3.51,0
1,39,1,9500,1,1,140.0,1,19,19,9,7,110.5,0,0,0,1,0,0,31,0,0,7,0,0,0.0,0,0,8,0,0,0.0,0,12.7,3.7,-1.7,0
1,43,1,9070,1,1,125.0,1,38,37,8,7,131.7,1,0,0,1,1,0,20,0,3,6,6,4,12.75,0,3,9,12,3,12.666666666666666,0,12.4,0.5,1.79,0
1,1,1,9773,1,1,127.0,1,37,37,9,8,123.2,1,0,0,1,0,0,18,0,0,6,12,1,11.0,0,0,6,12,0,0.0,0,9.4,-0.8,-3.12,1
1,39,1,9119,1,19,133.1,1,19,19,5,3,100.9,1,0,0,1,1,0,24,0,0,5,9,1,12.0,0,0,5,6,3,10.5,0,10.8,1.4,1.74,1
1,10,1,9773,1,1,151.0,22,38,37,0,5,151.0,1,0,0,1,0,0,18,1,0,6,12,0,0.0,1,0,6,0,0,0.0,0,9.4,-0.8,-3.12,0
1,1,2,9773,1,1,135.0,1,3,1,4,4,136.1,1,0,0,1,1,0,19,0,0,6,9,5,11.4,0,0,6,13,5,12.4,0,8.9,1.4,3.51,1
1,1,1,9147,1,1,118.0,1,1,1,9,6,120.0,0,0,0,1,0,0,22,0,0,5,10,5,11.0,0,0,5,10,3,12.5,0,7.6,2.6,0.32,1
1,39,1,9119,1,1,120.0,1,37,37,9,9,125.0,0,0,1,0,1,0,28,0,0,5,0,0,0.0,0,0,5,0,0,0.0,0,16.2,0.3,-0.92,0
1,1,1,9147,1,1,135.0,1,38,38,9,9,120.0,0,0,0,1,1,0,20,0,0,5,10,5,11.0,0,0,5,10,4,12.0,0,7.6,2.6,0.32,1
1,17,1,9003,1,1,120.0,1,38,38,9,9,125.0,0,0,0,1,0,0,20,0,0,6,8,6,11.5,0,0,6,9,5,12.0,0,12.4,0.5,1.79,0
1,1,1,9147,1,1,130.0,1,1,1,9,9,130.0,0,0,0,1,0,0,19,0,0,5,10,5,10.0,0,0,5,10,5,10.0,0,8.9,1.4,3.51,1
1,1,1,9147,1,1,125.0,1,38,38,9,9,120.0,0,0,0,1,0,0,19,0,0,5,10,5,12.0,0,0,5,10,4,12.0,0,7.6,2.6,0.32,1
1,1,1,9500,1,1,130.0,1,1,1,4,5,125.0,0,0,0,1,0,0,18,0,0,7,10,6,12.0,0,0,7,10,5,12.0,0,16.2,0.3,-0.92,1
1,1,1,9147,1,1,120.0,1,38,38,9,9,120.0,0,0,0,1,0,0,19,0,0,5,9,5,11.0,0,0,5,9,5,11.0,0,7.6,2.6,0.32,1
1,1,1,9500,1,1,120.0,1,1,1,4,4,115.0,0,0,0,1,0,0,18,0,0,7,10,6,13.0,0,0,7,10,6,13.0,0,16.2,0.3,-0.92,1
1,1,1,9147,1,1,125.0,1,38,38,9,9,120.0,0,0,0,1,0,0,20,0,0,5,10,5,11.0,0,0,5,10,5,11.0,0,7.6,2.6,0.32,1
1,1,1,9147,1,1,130.0,1,38,38,9,9,130.0,0,0,0,1,0,0,21,0,0,5,9,5,12.0,0,0,5,9,5,12.0,0,7.6,2.6,0.32,1
1,1,1,9147,1,1,130.0,1,38,38,9,9,120.0,0,0,0,1,0,0,19,0,0,5,9,5,11.0,0,0,5,9,5,11.0,0,7.6,2.6,0.32,1
1,1,1,9147,1,1,120.0,1,38,38,9,9,120.0,0,0,0,1,0,0,20,0,0,5,9,5,11.0,0,0,5,9,5,11.0,0,7.6,2.6,0.32,1
1,1,1,9147,1,1,125.0,1,38,38,9,9,120.0,0,0,0,1,0,0,20,0,0,5,9,5,11.0,0,0,5,9,5,11.0,0,7.6,2.6,0.32,1
1,1,1,9147,1,1,130.0,1,38,38,9,9,130.0,0,0,0,1,0,0,20,0,0,5,9,5,11.0,0,0,5,9,5,11.0,0,7.6,2.6,0.32,0
1,39,1,9003,1,1,120.0,1,1,1,9,4,115.0,0,0,1,0,1,0,25,0,0,6,0,0,0.0,0,0,6,0,0,0.0,0,13.9,-0.3,0.79,0
1,17,1,9147,1,1,125.0,1,1,1,4,4,122.0,1,0,0,1,0,0,18,0,0,5,8,4,11.5,0,0,5,9,3,12.0,0,8.9,1.4,3.51,1
1,1,1,9773,1,1,140.0,1,1,1,4,4,130.0,1,0,0,1,0,0,19,0,0,6,6,6,13.0,0,0,6,7,6,13.0,0,10.8,1.4,1.74,0
1,39,1,9670,1,1,133.1,1,1,1,9,9,128.0,0,0,0,1,1,0,27,0,0,6,0,0,0.0,0,0,6,0,0,0.0,0,12.4,0.5,1.79,1
1,1,1,9238,1,1,128.0,1,1,1,4,4,125.0,0,0,0,1,0,1,19,0,0,6,14,0,0.0,0,0,6,15,0,0.0,0,11.1,0.6,2.02,1
1,1,1,9147,1,1,130.0,1,1,1,9,9,120.0,1,0,0,1,0,0,18,0,0,5,10,4,11.0,0,0,5,10,4,11.0,0,8.9,1.4,3.51,1
1,1,1,9003,1,1,125.0,1,1,1,4,4,118.0,1,0,0,1,0,0,19,0,0,6,12,4,12.0,0,0,6,13,3,11.666666666666666,0,15.5,2.8,-4.06,0
2,39,1,9500,1,1,133.1,1,37,37,9,8,135.0,0,0,1,0,0,0,32,0,0,7,11,3,11.333333333333334,0,0,7,10,4,11.75,0,13.9,-0.3,0.79,0
1,17,1,9254,1,1,135.0,1,1,1,4,4,132.0,1,0,0,1,0,0,21,0,0,6,12,3,11.333333333333334,0,0,6,13,2,12.5,0,7.6,2.6,0.32,1
1,1,1,9773,1,1,140.0,1,1,1,4,4,134.0,1,0,0,1,0,0,20,0,0,6,7,6,12.5,0,0,6,8,5,13.0,0,10.8,1.4,1.74,0
1,39,1,9085,1,1,133.1,1,19,19,9,9,120.0,0,0,1,0,1,0,26,0,0,6,0,0,0.0,0,0,6,0,0,0.0,0,8.9,1.4,3.51,1
1,1,1,9147,1,1,128.0,1,1,1,4,4,125.0,1,0,0,1,0,0,18,0,0,5,9,4,11.5,0,0,5,10,3,12.0,0,12.4,0.5,1.79,1
2,39,1,9991,0,1,130.0,1,37,37,9,3,128.0,0,0,0,1,0,0,30,0,0,5,11,3,11.0,0,0,5,10,4,11.0,0,7.6,2.6,0.32,0
1,17,1,9238,1,1,130.0,1,1,1,4,4,127.0,0,0,0,1,0,1,20,0,0,6,10,5,11.0,0,0,6,12,3,11.333333333333334,0,16.2,0.3,-0.92,1
1,39,1,9500,1,1,133.1,1,37,37,9,9,115.0,0,0,1,0,1,0,29,0,0,7,11,3,11.333333333333334,0,0,7,12,2,11.0,0,13.9,-0.3,0.79,0
1,1,1,9773,1,1,145.0,1,1,1,4,4,135.0,1,0,0,1,0,0,18,0,0,6,8,5,13.0,0,0,6,9,4,12.0,0,11.1,0.6,2.02,1
1,17,1,9147,1,1,128.0,1,37,37,4,4,118.0,1,0,0,1,0,0,21,0,0,5,10,3,11.0,0,0,5,10,2,10.0,0,10.8,1.4,1.74,1
1,1,1,9003,1,1,120.0,1,37,37,4,4,130.0,1,0,0,1,0,0,20,0,0,6,10,4,11.5,0,0,6,11,4,12.0,0,12.7,3.7,-1.7,0
1,17,1,9500,1,1,130.0,1,1,38,5,5,125.0,0,0,0,1,0,0,19,0,0,7,7,7,12.0,0,0,7,8,7,12.0,0,9.4,-0.8,-3.12,1
1,44,1,9147,1,39,133.1,1,37,37,4,4,140.0,0,0,0,1,0,0,23,0,0,5,10,3,12.5,0,0,5,12,3,11.0,0,7.6,2.6,0.32,1
1,17,1,9147,1,1,130.0,1,37,37,9,9,115.0,1,0,0,1,1,0,20,0,0,5,8,2,11.0,0,0,5,9,2,11.0,0,10.8,1.4,1.74,1
1,1,1,9773,1,1,133.1,1,37,37,4,4,128.0,1,0,0,1,0,0,22,0,0,6,10,5,10.0,0,0,6,10,4,11.0,0,12.7,3.7,-1.7,0
1,17,1,9500,1,1,125.0,1,38,38,4,4,122.0,1,0,0,1,1,0,20,0,0,7,14,5,13.0,0,0,8,15,6,13.0,0,13.9,-0.3,0.79,0
1,39,1,9003,1,1,133.1,1,37,37,9,9,120.0,0,0,0,1,0,0,27,0,0,6,6,0,0.0,0,0,6,7,0,0.0,0,10.8,1.4,1.74,1
1,17,1,9147,1,1,120.0,1,37,37,4,4,120.0,1,0,0,1,1,0,18,0,0,5,8,3,11.0,0,0,5,9,3,11.0,0,10.8,1.4,1.74,1
1,39,1,9119,1,1,133.1,1,37,37,9,9,115.0,1,0,0,1,0,0,24,0,0,5,5,0,0.0,0,0,5,5,0,0.0,0,7.6,2.6,0.32,0
1,39,1,9003,1,1,133.1,1,37,37,9,9,125.0,0,0,0,1,1,0,29,0,0,6,6,0,0.0,0,0,6,6,0,0.0,0,12.7,3.7,-1.7,0
1,17,1,9147,1,1,128.0,1,37,37,4,4,120.0,1,0,0,1,1,0,18,0,0,5,8,3,12.0,0,0,5,8,3,11.0,0,8.9,1.4,3.51,1
1,17,1,9500,1,1,133.1,1,37,37,9,9,120.0,1,0,0,1,0,0,21,0,0,7,0,0,0.0,0,0,8,0,0,0.0,0,15.5,2.8,-4.06,0
1,39,1,9003,1,1,133.1,1,37,37,9,9,120.0,0,0,0,1,1,0,26,0,0,6,6,0,0.0,0,0,6,7,0,0.0,0,10.8,1.4,1.74,1
1,17,1,9147,1,1,130.0,1,37,37,4,4,115.0,1,0,0,1,0,0,19,0,0,5,8,2,11.0,0,0,5,9,2,11.0,0,10.8,1.4,1.74,1
1,1,1,9147,1,1,110.0,1,1,1,2,2,112.0,0,0,1,0,0,0,22,0,0,6,14,3,11.0,0,0,6,6,0,0.0,0,10.8,1.4,1.74,0
1,17,1,9500,1,1,135.0,1,3,3,3,3,120.0,0,0,0,1,1,1,21,0,0,7,12,6,13.0,0,0,7,13,6,12.5,0,12.4,0.5,1.79,1
1,1,1,9130,1,1,140.0,1,3,1,2,4,130.0,1,0,1,1,0,0,19,0,0,6,13,6,11.0,0,0,6,10,4,10.5,0,15.5,2.8,-4.06,0
1,39,1,9500,1,1,133.1,1,1,38,3,7,121.7,0,0,0,1,0,1,27,0,0,7,8,6,12.6,0,0,7,9,6,11.685714285714283,0,12.4,0.5,1.79,1
1,17,1,9238,1,1,137.0,1,19,38,5,8,137.4,1,0,0,1,0,0,18,0,0,6,10,1,12.0,0,0,6,14,2,11.0,0,10.8,1.4,1.74,1
1,1,1,9147,1,1,120.0,1,1,19,9,9,118.4,1,0,0,1,1,0,19,0,0,5,6,4,11.0,0,0,5,9,4,13.857142857142858,0,10.8,1.4,1.74,1
1,1,1,9500,1,1,148.0,1,1,19,4,5,135.1,1,0,1,1,0,0,18,0,0,7,0,0,0.0,0,0,8,0,0,0.0,0,13.9,-0.3,0.79,1
1,39,1,9991,0,1,130.0,1,1,38,4,9,115.0,0,0,0,1,1,0,25,0,0,5,7,0,0.0,0,0,5,8,0,0.0,0,16.2,0.3,-0.92,0
1,17,1,9147,1,1,133.1,1,1,19,4,8,95.0,0,0,0,1,1,0,20,0,0,5,14,0,0.0,0,0,5,5,0,0.0,0,11.1,0.6,2.02,0
1,1,1,9238,1,1,133.0,1,34,37,5,5,120.4,0,0,0,0,0,0,21,0,0,6,12,2,11.5,0,0,6,13,1,13.0,0,9.4,-0.8,-3.12,0
1,1,5,9500,1,1,141.0,1,38,19,7,7,132.5,1,0,0,0,0,0,19,0,0,7,0,0,0.0,0,0,8,0,0,0.0,0,12.7,3.7,-1.7,0
1,17,6,9254,1,1,108.0,1,1,19,4,5,112.2,1,0,0,1,1,0,19,0,0,6,13,5,10.8,0,0,6,12,3,10.0,0,9.4,-0.8,-3.12,1
1,17,1,9147,1,1,138.0,1,37,1,9,9,123.7,1,0,1,1,0,1,19,0,0,5,5,4,11.0,0,0,5,5,0,0.0,0,11.1,0.6,2.02,0
1,39,1,9003,1,1,130.0,1,3,1,2,4,154.9,0,0,1,0,1,0,35,0,0,6,8,5,16.166666666666668,0,0,6,10,4,16.0,0,8.9,1.4,3.51,0
1,1,5,9147,1,1,132.0,1,39,39,3,3,127.8,1,0,0,0,1,0,18,0,0,5,0,0,0.0,0,0,5,0,0,0.0,0,11.1,0.6,2.02,0
1,17,4,9119,1,1,127.0,1,19,19,5,5,120.4,1,0,1,0,1,0,18,0,0,5,12,0,0.0,0,0,5,8,0,0.0,0,9.4,-0.8,-3.12,0
1,39,1,9147,1,1,133.1,1,1,19,9,9,110.0,0,0,1,0,0,0,22,0,0,6,0,0,0.0,0,0,6,0,0,0.0,0,16.2,0.3,-0.92,0
1,1,1,9500,1,1,120.0,1,1,19,4,5,120.0,0,0,0,1,0,0,20,0,0,7,7,7,13.0,0,0,7,8,7,12.0,0,12.4,0.5,1.79,1
1,17,1,9254,1,1,125.0,1,1,38,9,9,118.0,1,0,0,1,0,0,19,0,0,5,11,5,11.0,0,0,5,10,4,11.5,0,7.6,2.6,0.32,1
1,39,1,9003,1,1,133.1,1,1,19,9,9,110.0,0,0,0,1,0,0,23,0,0,6,6,6,12.0,0,0,6,6,6,12.0,0,12.4,0.5,1.79,0
1,1,1,9085,1,1,133.1,1,19,19,9,9,125.0,1,0,0,1,0,0,20,0,0,6,7,6,12.0,0,0,6,7,6,12.0,0,15.5,2.8,-4.06,1
1,39,1,9119,1,1,133.1,1,37,37,9,9,130.0,0,0,1,1,0,0,26,0,0,5,0,0,0.0,0,0,5,0,0,0.0,0,15.5,2.8,-4.06,0
1,17,1,9254,1,1,120.0,1,38,19,9,9,110.0,1,0,0,1,0,0,19,0,0,6,6,6,11.0,0,0,6,7,6,12.0,0,10.8,1.4,1.74,1
1,39,1,9147,1,1,133.1,1,37,37,9,9,120.0,0,0,1,1,0,0,24,0,0,5,0,0,0.0,0,0,5,0,0,0.0,0,10.8,1.4,1.74,0
1,39,1,9500,1,1,120.0,1,1,1,175,121,110.0,0,0,0,1,0,0,34,0,0,3,3,3,11.0,0,0,3,3,3,11.0,0,11.1,0.6,2.02,1
1,17,1,9254,1,1,130.0,1,37,37,9,9,115.0,1,0,0,1,0,0,18,0,0,6,8,5,11.0,0,0,6,9,5,11.0,0,7.6,2.6,0.32,1
1,1,1,9147,1,1,133.1,1,38,19,9,9,120.0,1,0,0,1,0,0,19,0,0,5,8,3,11.0,0,0,5,8,3,11.0,0,10.8,1.4,1.74,1
1,39,1,9254,1,1,133.1,1,19,19,9,9,125.0,0,0,1,1,0,0,25,0,0,6,0,0,0.0,0,0,6,0,0,0.0,0,16.2,0.3,-0.92,0
1,39,1,9085,1,1,140.0,1,37,37,9,9,125.0,0,0,1,1,0,0,24,0,0,6,6,6,12.0,0,0,6,6,6,12.0,0,15.5,2.8,-4.06,0
1,1,1,9147,1,1,130.0,1,38,19,9,9,120.0,1,0,0,1,0,0,18,0,0,5,9,4,12.0,0,0,5,9,4,12.0,0,10.8,1.4,1.74,1
1,39,1,9085,1,1,133.1,1,1,19,9,9,115.0,0,0,1,1,0,0,25,0,0,6,0,0,0.0,0,0,6,0,0,0.0,0,15.5,2.8,-4.06,0
1,1,1,9500,1,1,120.0,1,1,19,4,5,120.0,0,0,0,1,0,0,21,0,0,7,7,7,13.0,0,0,7,8,7,12.0,0,12.4,0.5,1.79,1
1,39,1,9254,1,1,140.0,1,19,37,7,10,105.0,0,0,0,1,1,0,24,0,0,6,7,6,12.5,0,0,6,8,5,11.0,0,12.7,3.7,-1.7,1
1,1,1,9500,1,1,120.0,1,1,1,9,9,118.0,0,0,0,1,1,0,21,0,0,7,8,5,13.0,0,0,8,8,7,13.5,0,13.9,-0.3,0.79,1
1,17,1,9147,1,1,125.0,1,38,19,7,7,120.0,1,0,0,1,0,0,20,0,0,5,11,2,10.0,0,0,5,5,0,0.0,0,12.4,0.5,1.79,1
1,39,1,9003,1,1,133.1,1,38,38,4,7,110.0,1,0,0,0,0,0,26,0,0,6,8,0,0.0,0,0,6,8,0,0.0,0,15.5,2.8,-4.06,0
1,1,1,9773,1,1,120.0,1,19,37,9,3,118.0,1,0,0,1,0,0,19,0,0,6,7,5,13.0,0,0,6,6,0,0.0,0,15.5,2.8,-4.06,1
1,43,1,9238,1,1,110.0,1,19,37,5,5,110.0,0,0,1,0,0,0,22,0,0,6,10,5,12.0,0,0,6,8,5,12.0,0,10.8,1.4,1.74,0
1,17,1,9670,1,1,140.0,1,1,19,8,7,128.0,1,0,0,1,0,0,18,0,0,6,6,6,14.5,0,0,6,8,6,13.0,0,8.9,1.4,3.51,1
1,39,1,9085,1,1,133.1,1,37,36,9,7,125.0,0,0,1,0,1,0,29,0,0,5,12,3,12.0,0,0,5,10,3,11.5,0,7.6,2.6,0.32,0
2,39,1,9991,0,1,145.0,1,34,34,90,90,115.0,1,0,0,1,0,0,27,0,0,5,8,0,0.0,0,0,5,5,0,0.0,0,7.6,2.6,0.32,0
1,1,1,9147,1,1,135.0,1,38,37,7,7,130.0,1,0,0,1,0,0,20,0,0,5,9,4,11.0,0,0,5,8,4,12.5,0,9.4,-0.8,-3.12,1
1,17,1,9254,1,1,122.0,1,19,19,4,4,120.0,0,0,0,1,1,0,18,0,0,5,6,5,11.5,0,0,5,8,3,11.0,0,12.7,3.7,-1.7,1
1,1,1,9500,1,1,115.0,1,1,1,9,9,110.0,0,0,0,1,0,1,20,0,0,7,14,0,0.0,0,0,7,15,0,0.0,0,11.1,0.6,2.02,1
1,17,1,9238,1,1,130.0,1,19,37,5,5,110.0,1,0,0,1,0,1,20,0,0,6,12,6,11.0,0,0,6,7,0,0.0,0,15.5,2.8,-4.06,0
1,39,1,9991,0,1,130.0,1,37,37,9,9,135.0,0,0,0,1,0,0,25,0,0,5,6,3,10.5,0,0,5,5,0,0.0,0,10.8,1.4,1.74,0
1,1,1,9070,1,1,120.0,1,3,3,0,1,110.0,1,0,0,1,1,0,23,0,0,6,9,4,11.0,1,0,6,10,0,0.0,4,7.6,2.6,0.32,0
1,1,1,9147,1,1,138.0,1,37,37,7,7,135.0,1,0,0,1,0,0,18,0,0,5,8,4,12.0,0,0,5,8,4,12.5,0,9.4,-0.8,-3.12,1
1,1,1,9147,1,1,115.0,1,1,1,4,4,108.0,0,0,1,0,0,0,20,0,0,5,6,3,9.5,0,0,5,7,0,0.0,0,12.7,3.7,-1.7,0
1,43,1,9238,1,1,130.0,1,37,37,6,6,120.0,0,0,0,1,0,0,22,0,0,6,10,4,11.0,0,0,6,11,3,11.5,0,11.1,0.6,2.02,1
1,1,1,9147,1,1,125.0,1,19,19,9,9,110.0,0,0,0,1,0,0,19,0,0,5,8,1,10.0,0,0,5,7,2,10.5,0,12.4,0.5,1.79,1
1,39,1,9991,0,1,133.1,1,37,37,6,6,115.0,0,0,1,1,0,0,30,0,0,5,5,0,0.0,0,0,5,5,0,0.0,0,12.7,3.7,-1.7,0
1,1,1,9853,1,1,120.0,1,1,37,5,7,118.0,0,0,0,1,0,1,19,0,0,6,11,5,11.5,0,0,6,8,4,10.75,0,15.5,2.8,-4.06,1
1,1,1,9238,1,1,133.1,1,19,38,4,9,108.0,1,0,0,1,0,0,21,0,0,6,11,5,10.6,0,0,6,10,6,11.714285714285714,0,11.1,0.6,2.02,1
1,17,1,9853,1,1,119.0,1,3,3,132,132,110.6,0,0,0,1,0,0,20,0,0,7,9,6,11.833333333333334,0,0,7,7,6,14.333333333333334,0,11.1,0.6,2.02,1
1,51,1,9119,1,1,129.0,1,2,37,2,9,121.6,1,0,0,1,1,0,19,0,0,5,10,0,0.0,0,0,5,7,1,10.0,0,7.6,2.6,0.32,1
1,1,1,9085,1,1,148.0,1,38,38,4,9,131.6,0,0,0,1,1,1,18,0,0,6,8,6,15.5,0,0,6,9,4,15.5,0,11.1,0.6,2.02,0
1,44,1,9085,1,39,150.0,1,37,37,9,9,150.0,0,0,0,1,0,0,20,0,2,6,8,6,13.0,0,1,6,18,2,12.0,0,12.4,0.5,1.79,1
1,44,1,9085,1,39,140.0,1,1,3,9,4,140.0,0,0,1,0,0,0,24,0,2,6,11,4,12.5,0,1,6,18,2,11.5,0,12.4,0.5,1.79,1
1,42,1,9853,1,1,120.0,1,1,37,5,5,113.9,1,0,0,1,0,0,21,0,0,6,8,4,12.25,0,0,6,13,3,10.333333333333334,0,12.7,3.7,-1.7,0
1,1,6,9119,1,1,135.0,1,2,1,3,5,123.5,1,0,0,1,1,0,18,0,0,5,10,0,0.0,0,0,5,10,1,10.0,3,7.6,2.6,0.32,1
1,43,1,9147,1,1,140.0,1,37,37,6,6,122.9,0,0,0,1,0,0,55,0,0,5,10,1,10.0,0,0,5,8,2,12.0,2,16.2,0.3,-0.92,0
4,39,1,9130,1,1,133.1,1,3,1,5,5,110.0,1,0,0,1,0,1,30,0,0,6,7,0,0.0,0,0,6,16,1,10.0,0,11.1,0.6,2.02,0
1,1,1,9254,1,1,128.0,1,19,38,9,9,127.0,0,0,0,1,0,0,19,0,0,6,6,6,12.0,0,0,6,7,4,12.75,0,12.4,0.5,1.79,1
1,1,1,9238,1,1,125.0,1,38,38,9,9,115.0,0,0,0,1,1,0,20,0,0,6,8,4,11.0,0,0,6,8,3,12.0,0,12.7,3.7,-1.7,0
1,1,1,9119,1,1,130.0,1,38,38,9,9,128.0,1,0,0,1,0,0,19,0,0,5,10,3,11.0,0,0,5,8,3,13.0,0,12.7,3.7,-1.7,1
1,39,1,9119,1,1,133.1,1,3,3,9,9,135.0,0,0,0,1,1,0,22,0,0,5,12,4,11.5,0,0,5,10,3,12.0,0,11.1,0.6,2.02,0
1,1,1,9773,1,1,128.0,1,19,19,9,9,126.0,0,0,0,1,1,0,18,0,0,6,10,5,12.5,0,0,6,9,5,13.0,0,15.5,2.8,-4.06,0
1,39,1,9500,1,1,133.1,1,37,37,9,9,120.0,1,0,0,1,0,0,26,0,0,7,11,5,12.0,0,0,7,10,5,12.0,0,7.6,2.6,0.32,1
1,17,1,9147,1,1,133.1,1,3,3,4,4,127.0,1,0,0,1,0,0,21,0,0,5,11,3,11.5,0,0,5,10,3,11.0,0,10.8,1.4,1.74,1
1,39,1,9119,1,1,133.1,1,37,37,9,9,130.0,0,0,0,1,1,0,29,0,0,5,7,4,11.0,0,0,5,8,3,12.0,0,10.8,1.4,1.74,1
1,1,1,9119,1,1,133.1,1,38,38,9,9,124.0,1,0,0,1,1,0,20,0,0,5,9,4,11.0,0,0,5,10,3,11.0,0,7.6,2.6,0.32,1
1,17,1,9119,1,1,133.1,1,3,3,4,4,130.0,1,0,0,1,1,0,18,0,0,5,10,2,12.0,0,0,5,9,3,12.0,0,13.9,-0.3,0.79,1
1,1,1,9119,1,1,128.0,1,38,38,9,9,118.0,1,0,0,1,1,0,20,0,0,5,10,3,11.0,0,0,5,9,3,13.0,0,12.4,0.5,1.79,1
1,39,1,9991,0,1,133.1,1,37,37,9,9,120.0,0,0,0,1,1,0,27,0,0,5,5,0,0.0,0,0,5,5,0,0.0,0,12.7,3.7,-1.7,0
1,1,1,9119,1,1,128.0,1,38,38,9,9,124.0,1,0,0,1,1,0,19,0,0,5,10,3,11.0,0,0,5,9,2,14.0,2,7.6,2.6,0.32,1
1,17,1,9147,1,1,125.0,1,38,38,9,9,120.0,1,0,0,1,1,0,19,0,0,5,11,3,11.0,0,0,5,9,4,12.0,0,10.8,1.4,1.74,1
1,1,1,9119,1,1,133.1,1,38,38,9,9,124.0,1,0,0,1,1,0,18,0,0,5,10,3,11.0,0,0,5,9,3,13.0,0,12.7,3.7,-1.7,1
1,1,1,9147,1,1,135.0,1,1,1,9,9,110.0,0,0,1,0,0,0,21,0,0,6,0,0,0.0,0,0,6,0,0,0.0,0,10.8,1.4,1.74,0
1,39,1,9003,1,19,133.1,1,19,37,9,7,115.0,0,0,1,0,1,0,23,0,0,5,6,0,0.0,0,0,5,5,0,0.0,0,12.7,3.7,-1.7,0
1,1,1,9500,1,1,125.0,1,37,37,7,7,120.0,0,0,0,1,0,0,22,0,0,7,8,0,0.0,1,0,7,7,0,0.0,0,13.9,-0.3,0.79,1
1,17,1,9238,1,1,130.0,1,37,37,4,5,125.0,1,0,0,1,0,0,19,0,0,6,10,5,11.0,0,0,6,12,2,10.5,0,16.2,0.3,-0.92,0
1,39,1,9670,1,1,133.1,1,1,1,9,9,105.0,0,0,1,0,0,0,26,0,0,5,5,5,11.2,0,0,5,5,5,12.6,0,9.4,-0.8,-3.12,0
1,1,1,9254,1,1,140.0,1,1,1,5,4,130.0,0,0,0,1,1,0,20,0,0,6,8,6,12.571428571428571,0,0,6,10,4,13.0,0,12.7,3.7,-1.7,1
1,1,1,9238,1,1,120.0,1,19,38,9,7,130.0,1,0,1,1,0,0,18,0,0,6,7,5,13.6,0,0,6,7,5,11.8,0,8.9,1.4,3.51,0
1,39,1,9003,1,1,133.1,1,1,1,9,4,115.0,0,0,1,0,1,0,25,0,0,6,0,0,0.0,0,0,6,0,0,0.0,0,13.9,-0.3,0.79,0
1,1,1,9147,1,1,140.0,1,19,38,9,9,129.2,1,0,0,1,0,0,26,0,0,5,6,0,0.0,0,0,5,0,0,0.0,0,15.5,2.8,-4.06,0
1,17,1,9119,1,1,130.0,1,37,37,9,6,120.0,1,0,0,1,1,0,21,0,0,5,8,0,0.0,0,0,5,5,0,0.0,0,7.6,2.6,0.32,0
1,1,1,9500,1,1,123.0,1,37,37,7,7,119.7,0,0,0,1,1,0,20,0,0,7,8,0,0.0,1,0,7,7,0,0.0,0,13.9,-0.3,0.79,1
1,1,1,9853,1,1,123.0,1,1,38,9,6,121.6,1,0,0,1,0,0,18,0,0,7,12,5,12.0,0,0,7,9,6,12.666666666666666,0,11.1,0.6,2.02,1
1,43,1,9070,1,1,135.0,1,19,19,9,9,122.8,1,0,0,1,1,1,20,0,0,6,8,3,11.0,0,0,6,8,2,11.333333333333334,0,10.8,1.4,1.74,1
1,39,1,9254,1,19,133.1,1,19,1,9,5,97.0,0,0,1,0,1,0,36,0,0,5,10,0,0.0,0,0,5,5,0,0.0,0,15.5,2.8,-4.06,0
1,1,1,9254,1,1,145.0,1,1,38,4,9,131.7,1,0,0,1,0,1,21,0,0,6,8,6,12.166666666666666,0,0,6,11,3,11.666666666666666,0,10.8,1.4,1.74,1
1,17,1,9773,1,1,117.0,1,37,37,0,4,120.5,1,0,0,1,1,0,19,0,0,6,12,0,0.0,1,0,6,0,0,0.0,0,9.4,-0.8,-3.12,0
1,39,1,9147,1,1,130.0,1,3,37,9,9,118.0,0,0,0,1,0,0,26,0,0,6,11,6,11.5,0,0,6,10,5,12.0,0,10.8,1.4,1.74,0
1,1,1,9070,1,1,120.0,1,1,1,9,9,110.0,0,0,0,1,0,0,19,0,0,6,7,6,13.0,0,0,6,8,5,12.5,0,12.7,3.7,-1.7,1
1,39,1,9085,1,1,133.1,1,37,37,9,9,140.0,1,0,1,1,0,0,23,0,0,6,12,5,12.5,0,0,6,14,4,11.0,0,13.9,-0.3,0.79,1
1,17,1,9238,1,1,125.0,1,37,19,9,8,115.0,1,0,0,1,0,0,20,0,0,6,10,4,10.5,0,0,6,11,3,11.75,0,7.6,2.6,0.32,1
1,1,1,9500,1,1,145.0,1,1,1,9,9,130.0,0,0,0,1,0,0,18,0,0,8,8,7,14.0,0,0,8,9,7,13.5,0,11.1,0.6,2.02,1
1,39,1,9147,1,1,133.1,1,37,37,9,9,120.0,0,0,0,1,1,0,25,0,0,5,6,4,11.5,0,0,5,7,3,12.0,0,9.4,-0.8,-3.12,1
1,1,1,9853,1,1,128.0,1,19,19,7,7,118.0,1,0,0,1,0,0,19,0,0,6,9,5,12.0,0,0,6,10,4,11.75,0,15.5,2.8,-4.06,1
1,1,1,9147,1,1,130.0,1,1,1,4,6,125.0,1,0,0,1,0,0,18,0,0,5,8,3,11.0,0,0,5,9,4,13.0,0,8.9,1.4,3.51,1
1,17,1,9254,1,1,120.0,1,37,37,9,9,112.0,1,0,0,1,0,0,22,0,0,6,11,5,11.0,0,0,6,12,3,11.5,0,10.8,1.4,1.74,1
1,39,1,9085,1,1,133.1,1,37,37,9,9,145.0,1,0,1,1,0,0,24,0,0,6,10,6,12.0,0,0,6,15,5,12.0,0,12.4,0.5,1.79,1
1,1,2,9500,1,1,135.0,1,1,19,4,10,120.0,1,0,0,1,0,0,18,0,0,7,8,6,13.0,0,0,8,9,7,13.5,0,12.7,3.7,-1.7,1
1,1,1,9147,1,1,140.0,1,38,38,9,9,130.0,0,0,0,1,1,0,19,0,0,5,5,4,11.0,0,0,5,7,3,12.0,0,10.8,1.4,1.74,1
1,17,1,9238,1,1,128.0,1,37,37,9,9,118.0,1,0,0,1,0,0,21,0,0,6,9,5,10.5,0,0,6,10,4,11.0,0,7.6,2.6,0.32,1
1,1,1,9853,1,1,125.0,1,19,19,7,7,115.0,1,0,0,1,0,0,20,0,0,6,8,5,12.5,0,0,6,9,4,11.5,0,15.5,2.8,-4.06,1
1,1,1,9147,1,1,133.1,1,1,19,5,5,128.0,1,0,0,1,0,0,18,0,0,5,11,3,11.5,0,0,5,10,2,10.0,0,9.4,-0.8,-3.12,1
1,39,1,9003,1,1,133.1,1,37,37,4,7,125.0,0,0,1,0,1,0,27,0,0,6,10,2,11.0,0,0,6,8,0,0.0,0,8.9,1.4,3.51,0
1,17,1,9003,1,1,128.0,1,1,1,5,5,115.0,0,0,1,0,0,0,21,0,0,6,8,2,10.5,0,0,6,7,1,11.0,0,15.5,2.8,-4.06,0
1,39,1,9238,1,1,135.0,1,34,34,0,0,120.0,1,0,0,1,0,0,25,0,0,6,10,3,13.0,0,0,6,12,0,0.0,0,9.4,-0.8,-3.12,1
1,39,1,9130,1,1,145.0,1,19,19,9,9,135.0,0,0,0,0,1,0,29,0,0,5,11,4,11.5,0,0,5,10,3,12.0,0,11.1,0.6,2.02,0
1,17,1,9070,1,1,130.0,1,1,1,5,0,128.0,1,0,0,1,1,0,19,0,0,6,7,5,11.0,0,0,6,6,0,0.0,0,7.6,2.6,0.32,1
1,1,1,9238,1,1,110.0,1,38,38,9,8,105.0,1,0,0,1,1,0,18,0,0,6,8,5,11.0,0,0,6,11,0,0.0,0,11.1,0.6,2.02,1
1,15,1,9119,1,1,155.0,32,1,3,143,152,155.0,0,0,1,1,0,0,20,1,0,6,10,2,14.0,1,0,5,11,2,11.0,0,8.9,1.4,3.51,1
1,43,1,9003,1,1,120.0,1,37,37,9,6,120.0,0,0,1,1,1,0,24,0,0,6,6,0,0.0,0,0,6,8,0,0.0,0,15.5,2.8,-4.06,0
1,17,3,9670,1,1,145.0,1,37,37,8,8,125.0,0,0,1,1,0,0,20,0,0,5,5,1,10.0,0,0,5,5,0,0.0,0,9.4,-0.8,-3.12,1
1,39,1,9085,1,39,125.0,1,37,37,1,9,135.0,1,0,0,0,1,0,40,0,3,3,3,3,12.0,0,2,2,2,2,11.0,0,12.4,0.5,1.79,0
1,39,1,9556,1,1,125.0,1,19,38,9,8,110.0,0,0,0,1,0,0,23,0,0,7,14,5,12.0,0,0,8,13,7,12.0,0,12.4,0.5,1.79,1
1,43,1,9991,0,1,130.0,1,37,19,3,10,130.0,0,0,1,1,1,0,41,0,0,5,13,1,10.0,0,0,5,5,0,0.0,0,13.9,-0.3,0.79,0
1,17,3,9147,1,1,115.0,1,1,19,5,7,115.0,0,0,0,1,0,0,21,0,0,5,10,4,11.0,0,0,5,7,5,13.0,0,12.4,0.5,1.79,1
1,17,2,9254,1,1,120.0,1,37,37,9,8,120.0,1,0,1,0,0,0,21,0,0,6,7,4,12.0,0,0,6,6,6,13.0,0,11.1,0.6,2.02,1
1,7,1,9500,1,3,125.0,1,37,37,9,5,125.0,0,0,0,1,0,0,35,0,0,7,7,0,0.0,7,0,7,7,0,0.0,7,16.2,0.3,-0.92,0
1,1,4,9147,1,1,110.0,1,3,1,3,4,105.0,1,0,0,1,1,0,20,0,0,5,5,0,0.0,0,0,5,5,0,0.0,0,12.4,0.5,1.79,0
1,39,1,9003,1,1,130.0,1,19,19,9,9,95.0,0,0,0,1,0,0,31,0,0,6,6,0,0.0,0,0,6,6,0,0.0,0,11.1,0.6,2.02,0
1,39,1,9500,1,1,125.0,1,19,19,9,7,120.0,0,0,1,0,0,0,23,0,0,7,10,3,11.8,0,0,7,9,3,12.1,0,12.4,0.5,1.79,0
1,1,1,9670,1,1,135.0,1,37,37,9,9,128.0,0,0,0,1,1,0,19,0,0,6,8,4,13.0,0,0,6,7,3,12.0,0,12.4,0.5,1.79,1
1,17,1,9147,1,1,140.0,1,37,37,4,4,130.0,0,0,0,1,0,0,20,0,0,5,10,2,11.5,0,0,5,9,3,11.0,0,11.1,0.6,2.02,1
1,39,1,9500,1,1,133.1,1,1,1,9,7,110.0,0,0,1,0,1,0,25,0,0,7,10,3,12.5,0,0,7,9,4,11.7,0,13.9,-0.3,0.79,0
1,1,1,9070,1,1,120.0,1,37,37,9,9,118.0,0,0,0,1,1,0,21,0,0,6,7,5,11.0,0,0,6,7,5,11.0,0,7.6,2.6,0.32,1
1,1,1,9500,1,1,133.0,1,19,19,4,4,125.0,0,0,0,1,0,0,19,0,0,7,10,4,12.0,0,0,7,10,3,11.5,0,13.9,-0.3,0.79,1
1,17,1,9070,1,1,135.0,1,37,37,9,9,130.0,1,0,0,1,1,0,22,0,0,6,7,4,11.0,0,0,6,8,3,12.0,0,7.6,2.6,0.32,1
1,1,1,9500,1,1,130.0,1,37,37,9,9,127.0,0,0,0,1,1,0,20,0,0,7,11,2,12.0,0,0,7,12,3,11.0,0,12.4,0.5,1.79,1
1,17,1,9147,1,1,130.0,1,1,1,9,9,125.0,1,0,0,1,0,0,19,0,0,5,8,3,11.0,0,0,5,8,3,12.0,0,12.4,0.5,1.79,1
1,1,1,9500,1,1,133.1,1,38,38,9,9,130.0,0,0,0,1,1,0,23,0,0,7,11,3,12.0,0,0,7,10,3,11.5,0,13.9,-0.3,0.79,1
1,39,1,9500,1,1,130.0,1,19,19,9,9,115.0,0,0,1,0,0,0,24,0,0,7,9,2,11.0,0,0,7,8,3,11.5,0,13.9,-0.3,0.79,0
1,1,1,9670,1,1,120.0,1,37,37,9,9,118.0,0,0,0,1,1,0,20,0,0,6,8,3,12.0,0,0,6,8,4,12.5,0,12.4,0.5,1.79,1
1,39,1,9003,1,1,133.1,1,19,19,9,9,125.0,0,0,1,0,1,0,27,0,0,6,8,3,11.5,0,0,6,7,2,11.0,0,13.9,-0.3,0.79,0
1,1,1,9500,1,1,130.0,1,37,37,9,9,120.0,0,0,0,1,1,0,18,0,0,7,9,3,12.0,0,0,7,10,4,11.5,0,12.4,0.5,1.79,1
1,1,1,9500,1,1,130.0,1,37,37,9,9,125.0,0,0,0,1,1,0,21,0,0,7,10,3,11.0,0,0,7,10,3,12.0,0,12.4,0.5,1.79,1
1,1,1,9500,1,1,145.0,1,19,19,9,9,130.0,0,0,0,1,1,0,21,0,0,7,10,4,12.0,0,0,7,10,3,11.5,0,13.9,-0.3,0.79,1
1,39,1,9500,1,1,120.0,1,37,37,9,9,118.0,0,0,1,0,1,0,29,0,0,6,8,3,11.5,0,0,6,7,3,11.0,0,13.9,-0.3,0.79,0
1,43,1,9147,1,1,140.0,1,1,19,4,8,135.0,1,0,0,1,0,0,22,0,0,5,10,4,10.5,0,0,5,10,3,12.0,0,16.2,0.3,-0.92,1
1,1,1,9773,1,1,120.0,1,37,37,9,9,110.0,1,0,0,1,0,0,18,0,0,6,8,3,12.5,0,0,6,7,3,11.0,0,12.4,0.5,1.79,0
1,39,1,9003,1,1,130.0,1,38,38,9,6,130.0,0,0,1,0,1,0,26,0,0,6,6,0,0.0,0,0,6,7,0,0.0,0,8.9,1.4,3.51,0
1,1,1,9500,1,1,135.0,1,37,37,9,9,125.0,0,0,1,1,1,0,20,0,0,7,7,0,0.0,0,0,7,7,0,0.0,0,15.5,2.8,-4.06,1
1,44,1,9254,1,39,140.0,1,1,1,2,3,140.0,0,0,1,0,0,0,24,0,2,8,14,8,15.0,0,1,6,12,6,13.0,0,11.1,0.6,2.02,1
1,17,5,9500,1,1,130.0,1,1,19,4,8,120.0,1,0,0,1,0,0,18,0,0,7,0,0,0.0,0,0,8,0,0,0.0,0,12.4,0.5,1.79,0
1,18,1,9119,1,1,122.0,1,19,1,90,3,116.1,1,0,1,0,1,0,24,0,0,5,8,0,0.0,0,0,5,5,0,0.0,0,9.4,-0.8,-3.12,0
1,18,1,9853,1,1,123.0,1,19,19,9,7,117.4,1,0,0,1,0,0,19,0,0,6,0,0,0.0,0,0,6,0,0,0.0,0,11.1,0.6,2.02,0
1,39,2,9238,1,1,110.0,1,19,1,5,5,136.5,0,0,0,1,1,0,28,0,0,5,6,0,0.0,0,0,5,5,0,0.0,0,13.9,-0.3,0.79,0
1,44,1,9085,1,39,140.0,1,3,1,2,3,140.0,1,0,0,1,0,0,19,0,0,6,10,5,12.666666666666666,0,0,6,19,4,11.75,0,12.4,0.5,1.79,1
1,17,2,9853,1,1,126.0,1,1,19,2,10,126.0,1,0,0,1,0,0,19,0,0,6,9,5,13.0,0,0,6,8,5,10.4,0,7.6,2.6,0.32,1
1,1,3,9773,1,1,117.0,1,38,19,7,7,110.4,1,0,1,0,0,0,19,0,0,6,7,6,12.166666666666666,0,0,6,10,2,10.333333333333334,0,16.2,0.3,-0.92,0
2,39,1,9003,1,1,150.0,1,3,3,2,2,120.0,0,0,1,0,0,0,34,0,1,6,10,6,14.333333333333334,0,0,6,9,6,12.833333333333334,0,11.1,0.6,2.02,1
1,1,2,9254,1,1,120.0,1,37,37,9,9,115.1,1,0,0,0,1,0,21,0,0,6,11,3,11.0,0,0,6,14,0,0.0,0,9.4,-0.8,-3.12,0
1,1,1,9500,1,1,141.0,1,19,1,90,90,128.0,0,0,0,1,1,0,18,0,0,8,8,0,0.0,3,0,8,8,0,0.0,3,10.8,1.4,1.74,0
1,39,1,9991,0,1,133.1,1,37,19,9,5,110.0,0,0,1,0,0,0,23,0,0,5,7,3,11.0,0,0,5,8,2,10.5,0,12.7,3.7,-1.7,0
1,1,1,9003,1,1,125.0,1,3,1,4,6,120.0,0,0,0,1,0,0,20,0,0,6,10,5,11.5,0,0,6,12,4,12.0,0,12.4,0.5,1.79,1
1,17,1,9254,1,1,110.0,1,1,19,5,5,105.0,1,0,0,1,0,0,19,0,0,6,15,2,10.5,0,0,6,11,1,0.0,0,11.1,0.6,2.02,0
1,39,1,9003,1,1,133.1,1,37,37,9,9,125.0,0,0,1,1,1,0,26,0,0,6,6,0,0.0,0,0,6,8,0,0.0,0,13.9,-0.3,0.79,0
1,1,1,9773,1,1,120.0,1,37,37,0,5,118.0,1,0,0,1,0,0,18,0,0,6,10,3,11.0,0,0,6,11,4,11.5,0,7.6,2.6,0.32,1
1,39,1,9003,1,19,133.1,1,37,37,9,9,120.0,0,0,0,1,1,0,21,0,0,6,7,2,10.5,0,0,6,7,1,10.0,0,16.2,0.3,-0.92,1
1,1,1,9085,1,1,120.0,1,37,37,9,9,118.0,1,0,0,1,0,0,22,0,0,5,12,3,13.0,0,0,5,10,2,11.0,0,12.7,3.7,-1.7,1
1,1,1,9500,1,1,130.0,1,3,19,4,4,120.0,1,0,0,1,1,0,20,0,0,7,10,5,12.0,0,0,7,11,4,12.0,0,7.6,2.6,0.32,1
1,39,1,9003,1,1,133.1,1,38,38,9,9,120.0,0,0,1,1,1,0,24,0,0,6,8,3,11.5,0,0,6,7,2,10.0,0,16.2,0.3,-0.92,0
1,1,1,9085,1,1,125.0,1,37,37,9,9,120.0,1,0,0,1,0,0,21,0,0,5,9,2,13.5,0,0,5,8,1,11.0,0,12.7,3.7,-1.7,1
1,17,1,9254,1,1,135.0,1,1,19,4,6,130.0,0,0,0,1,0,0,20,0,0,6,0,0,0.0,0,0,6,0,0,0.0,0,11.1,0.6,2.02,0
1,1,1,9773,1,1,128.0,1,37,37,0,5,120.0,1,0,0,1,0,0,19,0,0,6,11,4,13.0,0,0,6,10,3,11.0,0,7.6,2.6,0.32,1
1,39,1,9003,1,19,133.1,1,37,37,9,9,120.0,0,0,1,1,1,0,25,0,0,6,6,0,0.0,0,0,6,6,0,0.0,0,16.2,0.3,-0.92,0
1,1,1,9773,1,1,125.0,1,3,1,2,8,120.0,1,0,0,1,0,0,21,0,0,6,10,3,11.5,0,0,6,11,4,12.0,0,12.4,0.5,1.79,1
1,1,1,9085,1,1,140.0,1,37,37,9,9,130.0,1,0,0,1,0,0,20,0,0,5,11,3,14.0,0,0,5,10,2,12.5,0,12.7,3.7,-1.7,1
1,1,1,9500,1,1,125.0,1,3,19,4,4,115.0,1,0,0,1,1,0,19,0,0,7,8,6,12.0,0,0,7,10,5,11.0,0,7.6,2.6,0.32,1
1,1,1,9003,1,1,130.0,1,3,38,9,9,110.0,0,0,1,0,0,0,25,0,0,6,6,0,0.0,0,0,6,6,0,0.0,0,11.1,0.6,2.02,0
1,17,3,9147,1,1,128.0,1,1,1,4,4,125.0,1,0,0,1,0,0,20,0,0,5,10,3,11.0,0,0,5,8,2,12.0,0,12.4,0.5,1.79,1
1,39,1,9119,1,1,135.0,1,37,37,9,9,118.0,1,0,0,1,1,0,22,0,0,5,7,3,11.5,0,0,5,9,3,13.0,0,10.8,1.4,1.74,0
1,17,1,9238,1,1,120.0,1,1,1,4,4,115.0,1,0,0,1,0,0,19,0,0,6,8,5,12.0,0,0,6,9,4,12.5,0,13.9,-0.3,0.79,1
1,1,1,9003,1,1,140.0,1,3,3,4,4,130.0,0,0,0,1,0,0,21,0,0,6,10,4,11.75,0,0,6,11,5,12.2,0,15.5,2.8,-4.06,1
1,17,1,9147,1,1,133.1,1,3,3,4,4,122.0,1,0,0,1,1,0,19,0,0,5,9,4,12.0,0,0,5,10,3,11.5,0,12.7,3.7,-1.7,1
1,39,1,9500,1,1,145.0,1,37,37,9,9,135.0,0,0,0,1,0,0,25,0,0,7,10,6,12.5,0,0,7,12,5,13.0,0,11.1,0.6,2.02,1
1,1,1,9085,1,1,133.1,1,1,1,4,4,130.0,1,0,0,1,0,0,20,0,0,5,12,3,11.0,0,0,5,10,3,11.5,0,8.9,1.4,3.51,1
1,17,1,9147,1,1,130.0,1,3,3,4,4,120.0,0,0,0,1,0,0,23,0,0,5,6,2,10.5,0,0,5,7,2,11.0,0,16.2,0.3,-0.92,0
1,39,1,9556,1,1,133.1,1,37,37,9,9,130.0,0,0,0,1,1,0,24,0,0,7,7,2,11.75,0,0,7,10,3,12.0,0,13.9,-0.3,0.79,0
1,1,1,9238,1,1,118.0,1,3,3,4,4,115.0,1,0,0,1,0,0,18,0,0,6,11,5,11.5,0,0,6,10,4,11.0,0,12.4,0.5,1.79,1
1,17,1,9119,1,1,128.0,1,3,3,4,4,115.0,1,0,0,1,1,0,20,0,0,5,9,4,12.0,0,0,5,8,2,12.5,0,10.8,1.4,1.74,1
1,1,1,9147,1,1,130.0,1,1,1,4,4,120.0,0,0,0,1,1,0,19,0,0,5,5,0,0.0,0,0,5,5,0,0.0,0,7.6,2.6,0.32,0
1,17,1,9500,1,1,135.0,1,1,1,4,4,125.0,1,0,0,1,0,0,18,0,0,7,11,6,12.5,0,0,7,10,5,12.0,0,11.1,0.6,2.02,1
1,1,1,9070,1,1,133.1,1,3,3,4,4,120.0,1,0,0,1,0,0,19,0,0,6,9,5,12.0,0,0,6,10,4,11.5,0,12.7,3.7,-1.7,1
1,39,1,9119,1,1,120.0,1,37,37,9,9,110.0,0,0,1,1,1,0,24,0,0,5,8,2,11.0,0,0,5,7,2,12.0,0,13.9,-0.3,0.79,0
1,39,1,9003,1,1,138.0,1,1,1,9,6,135.0,0,0,0,1,0,0,24,0,0,6,6,0,0.0,0,0,6,6,0,0.0,0,12.7,3.7,-1.7,0
1,17,1,9238,1,1,136.0,1,37,37,7,7,140.9,1,0,0,1,1,0,18,0,0,6,10,4,12.0,0,0,6,7,5,11.8,0,9.4,-0.8,-3.12,1
2,39,1,9991,0,1,133.1,1,37,37,9,9,125.0,0,0,0,1,0,0,38,0,0,5,0,0,0.0,0,0,5,0,0,0.0,0,12.7,3.7,-1.7,0
1,39,1,9003,1,1,135.0,1,38,38,9,6,138.1,0,0,1,0,0,0,28,0,0,6,6,0,0.0,0,0,6,7,0,0.0,0,8.9,1.4,3.51,1
4,39,1,8014,0,1,138.0,1,19,19,90,90,127.0,0,0,0,0,0,0,37,0,0,4,4,0,0.0,0,0,5,10,0,0.0,0,10.8,1.4,1.74,0
1,17,1,9773,1,1,112.0,1,1,1,5,1,111.7,0,0,1,0,1,0,19,0,0,6,6,6,12.5,0,0,6,10,4,12.6,0,15.5,2.8,-4.06,1
1,1,6,9773,1,1,145.0,1,1,19,4,4,131.0,1,0,0,1,0,1,18,0,0,6,6,6,12.166666666666666,0,0,6,10,5,11.2,0,7.6,2.6,0.32,1
2,39,1,9853,1,1,133.1,1,37,19,9,5,138.3,0,0,0,1,0,0,45,0,0,7,12,4,10.25,0,0,7,10,3,13.0,0,11.1,0.6,2.02,1
1,39,1,9085,1,19,133.1,1,19,19,9,7,140.0,0,0,1,0,0,0,24,0,2,6,11,3,11.75,0,1,6,14,3,10.333333333333334,0,16.2,0.3,-0.92,1
1,39,1,9991,0,1,120.0,1,19,37,5,5,128.2,0,0,0,0,1,0,31,0,0,5,5,2,11.0,0,0,5,0,0,0.0,0,12.7,3.7,-1.7,1
1,17,2,8014,0,1,133.0,1,19,1,5,5,119.7,1,0,0,1,0,1,19,0,0,6,10,4,11.5,0,0,6,11,6,11.5,0,9.4,-0.8,-3.12,1
1,39,1,8014,0,1,100.0,1,37,37,6,5,107.5,0,0,0,1,0,0,41,0,0,2,2,0,0.0,0,0,6,0,0,0.0,0,12.7,3.7,-1.7,0
1,17,2,9119,1,1,135.0,1,12,19,5,5,121.0,0,0,0,1,1,0,19,0,0,5,0,0,0.0,0,0,5,0,0,0.0,0,12.4,0.5,1.79,1
2,39,1,9147,1,1,133.1,1,37,37,9,9,140.0,0,0,0,0,0,0,35,0,0,5,8,4,12.5,1,0,5,8,5,11.8,0,9.4,-0.8,-3.12,1
1,1,1,9085,1,1,127.0,1,37,37,9,9,122.8,1,0,0,1,0,0,19,0,0,5,10,2,14.5,1,0,5,9,3,11.333333333333334,0,12.7,3.7,-1.7,1
1,39,1,9670,1,1,133.1,1,37,37,9,9,110.2,0,0,0,1,0,0,24,0,0,6,10,5,12.5,0,0,6,11,4,12.0,0,10.8,1.4,1.74,0
1,17,1,9147,1,1,120.0,1,1,1,9,9,110.0,0,0,0,1,1,0,19,0,0,5,8,3,11.0,0,0,5,9,4,11.5,0,12.4,0.5,1.79,1
1,39,1,9003,1,1,125.0,1,1,1,9,9,120.0,0,0,1,0,1,0,26,0,0,6,0,0,0.0,0,0,6,0,0,0.0,0,13.9,-0.3,0.79,0
1,17,1,9119,1,1,130.0,1,37,37,9,7,127.0,0,0,0,1,1,0,20,0,0,5,12,2,11.5,0,0,5,10,3,12.0,0,10.8,1.4,1.74,1
1,39,1,9500,1,1,120.0,1,1,1,2,5,120.0,1,0,0,1,0,0,22,0,0,8,10,6,12.0,0,0,8,11,7,12.5,0,12.7,3.7,-1.7,0
1,1,1,9670,1,1,133.1,1,19,1,9,9,115.0,1,0,0,1,0,0,20,0,0,6,7,5,12.0,0,0,6,8,4,12.5,0,12.4,0.5,1.79,1
1,39,1,9991,0,1,140.0,1,37,37,9,9,140.0,0,0,1,0,1,0,30,0,0,5,5,0,0.0,0,0,5,5,0,0.0,0,10.8,1.4,1.74,0
1,1,1,9254,1,1,119.0,1,1,1,4,2,115.0,0,0,1,1,1,0,21,0,0,6,7,6,12.0,0,0,6,8,6,12.0,0,8.9,1.4,3.51,1
1,39,1,9500,1,1,133.1,1,3,1,2,5,125.0,1,0,0,1,0,0,30,0,0,8,10,7,12.5,0,0,8,11,7,12.0,0,12.7,3.7,-1.7,1
1,39,1,9003,1,1,133.1,1,1,19,9,9,110.0,0,0,1,0,1,0,27,0,0,6,0,0,0.0,0,0,6,0,0,0.0,0,15.5,2.8,-4.06,0
1,17,1,9254,1,1,120.0,1,1,1,4,10,120.0,0,0,0,1,1,0,18,0,0,6,8,5,11.0,0,0,6,10,2,11.0,0,10.8,1.4,1.74,1
1,39,1,9991,0,1,133.1,1,37,37,9,9,130.0,0,0,1,0,1,0,32,0,0,5,7,3,11.0,0,0,5,7,3,11.5,0,16.2,0.3,-0.92,0
1,39,1,9500,1,1,133.1,1,3,19,2,5,120.0,0,0,0,1,0,0,25,0,0,8,11,7,12.0,0,0,8,10,7,12.0,0,12.4,0.5,1.79,1
1,17,1,9254,1,1,130.0,1,19,37,5,5,120.0,1,0,0,1,1,0,19,0,0,6,10,5,12.0,0,0,6,12,4,11.0,0,7.6,2.6,0.32,1
1,1,1,9670,1,1,120.0,1,1,19,9,9,115.0,1,0,0,1,0,0,21,0,0,5,10,2,11.0,0,0,5,9,3,12.0,0,10.8,1.4,1.74,1
1,39,1,9003,1,1,133.1,1,1,19,9,9,120.0,0,0,1,0,1,0,25,0,0,6,0,0,0.0,0,0,6,0,0,0.0,0,13.9,-0.3,0.79,1
1,39,1,9003,1,1,130.0,1,37,37,9,9,110.0,0,0,0,1,1,0,22,0,0,5,0,0,0.0,0,0,5,0,0,0.0,0,10.8,1.4,1.74,0
1,1,1,9853,1,1,120.0,1,3,1,2,5,118.0,1,0,0,1,0,0,19,0,0,7,9,6,10.0,0,0,7,11,6,13.0,0,13.9,-0.3,0.79,1
1,39,1,9119,1,1,133.1,1,37,37,9,9,125.0,0,0,1,0,1,0,27,0,0,5,7,3,10.5,0,0,5,8,4,11.0,0,7.6,2.6,0.32,0
1,1,1,9670,1,1,132.0,1,4,2,123,112,140.0,1,0,0,1,1,0,21,0,0,6,8,5,12.5,0,0,6,10,5,11.5,0,13.9,-0.3,0.79,1
1,39,1,9003,1,1,133.1,1,37,37,9,9,120.0,0,0,0,1,1,0,25,0,0,6,0,0,0.0,0,0,6,0,0,0.0,0,10.8,1.4,1.74,0
1,17,1,9238,1,1,138.0,1,37,37,9,9,130.0,1,0,0,1,0,0,18,0,0,6,11,5,11.0,0,0,6,11,6,11.0,0,7.6,2.6,0.32,1
1,39,1,9119,1,1,133.1,1,37,37,9,9,120.0,0,0,0,1,1,0,28,0,0,5,7,3,10.0,0,0,5,8,4,11.0,0,7.6,2.6,0.32,0
1,1,1,9670,1,1,119.0,1,1,19,4,10,115.5,1,0,0,1,0,0,19,0,0,6,8,4,11.0,0,0,6,9,4,11.0,0,10.8,1.4,1.74,1
1,39,1,9003,1,1,133.1,1,37,37,9,9,125.0,0,0,0,1,1,0,23,0,0,5,0,0,0.0,0,0,5,0,0,0.0,0,10.8,1.4,1.74,0
1,17,1,9147,1,1,116.0,1,38,2,9,2,112.2,1,0,0,1,0,0,20,0,0,5,8,3,11.3,0,0,5,12,2,10.7,0,10.8,1.4,1.74,1
1,39,1,9085,1,1,133.1,1,1,1,4,4,120.0,0,0,1,0,1,0,31,0,0,5,13,4,13.5,1,0,5,12,3,11.7,1,9.4,-0.8,-3.12,0
1,17,1,9119,1,1,132.0,1,37,37,9,6,119.4,1,0,0,1,1,0,21,0,0,5,8,0,0.0,0,0,5,5,0,0.0,0,7.6,2.6,0.32,1
1,1,1,9085,1,1,123.0,1,3,1,2,5,112.9,0,0,0,1,1,0,18,0,0,5,5,0,0.0,0,0,5,5,0,0.0,0,7.6,2.6,0.32,0
1,1,1,9070,1,1,124.0,1,19,19,9,9,138.4,1,0,1,1,0,1,19,0,1,6,8,6,13.3,1,0,6,8,6,12.5,0,13.9,-0.3,0.79,1
2,39,1,9119,1,1,110.0,1,19,19,0,5,137.0,0,0,1,1,1,0,30,0,0,5,5,0,0.0,0,0,5,5,0,0.0,0,7.6,2.6,0.32,0
1,39,1,9670,1,1,100.0,1,1,1,4,4,120.0,0,0,0,1,1,0,26,0,0,5,7,3,11.3,0,0,5,7,3,13.7,0,9.4,-0.8,-3.12,1
1,1,1,9003,1,1,128.0,1,1,1,3,3,118.0,0,0,0,1,0,0,21,0,0,6,10,2,11.5,0,0,6,11,3,12.0,0,9.4,-0.8,-3.12,0
1,17,1,9119,1,1,135.0,1,19,19,9,9,122.0,1,0,0,1,1,0,19,0,0,5,7,5,13.0,0,0,5,7,5,13.0,0,8.9,1.4,3.51,1
1,39,1,9670,1,1,133.1,1,37,37,9,9,105.0,0,0,0,1,0,0,25,0,0,6,8,3,11.0,0,0,6,9,4,11.5,0,16.2,0.3,-0.92,0
1,1,1,9238,1,1,120.0,1,1,19,9,9,110.0,1,0,0,1,0,0,20,0,0,6,13,1,10.0,0,0,6,12,1,12.0,0,9.4,-0.8,-3.12,1
1,1,1,9500,1,1,138.0,1,1,19,4,4,127.0,0,0,0,1,1,0,19,0,0,7,7,7,12.2,0,0,7,7,7,12.2,0,7.6,2.6,0.32,1
1,1,1,9254,1,1,125.0,1,19,38,9,8,117.0,1,0,0,1,1,0,18,0,0,6,13,2,12.0,0,0,6,12,1,13.0,0,7.6,2.6,0.32,1
1,39,1,9130,1,9,133.1,1,34,36,0,90,110.0,0,0,0,1,1,0,28,0,0,5,5,0,0.0,0,0,5,5,0,0.0,0,7.6,2.6,0.32,0
1,17,3,9119,1,1,118.0,1,3,1,3,3,115.0,1,0,0,0,1,0,18,0,0,5,8,5,13.0,0,0,5,7,5,14.0,0,12.4,0.5,1.79,0
1,1,1,9085,1,1,130.0,1,9,19,4,1,134.0,1,0,0,1,0,0,20,0,0,5,13,0,0.0,5,0,5,5,0,0.0,5,9.4,-0.8,-3.12,0
1,1,1,9500,1,1,140.0,1,1,19,4,4,124.0,0,0,0,1,1,0,19,0,0,7,7,7,12.2,0,0,7,7,7,12.2,0,7.6,2.6,0.32,1
1,39,1,8014,0,39,115.0,1,19,37,9,8,125.0,0,0,1,0,0,0,27,0,0,6,13,4,12.0,0,0,6,7,5,13.2,0,16.2,0.3,-0.92,0
1,17,1,9070,1,1,125.0,1,38,19,9,9,118.0,1,0,0,1,1,0,20,0,0,6,8,4,11.5,0,0,6,7,5,11.0,0,15.5,2.8,-4.06,1
1,1,1,9238,1,1,124.0,1,19,38,7,7,119.0,0,0,0,1,1,0,20,0,0,6,12,4,11.75,0,0,6,13,3,11.333333333333334,0,15.5,2.8,-4.06,1
1,39,1,9254,1,12,133.1,1,37,37,5,7,120.0,1,0,0,1,1,0,25,0,0,6,7,6,11.166666666666666,0,0,6,11,4,11.8,0,9.4,-0.8,-3.12,1
1,1,1,9254,1,1,133.1,1,37,37,1,1,98.0,0,0,0,1,1,0,26,0,0,6,6,6,10.666666666666666,0,0,6,8,4,11.25,0,10.8,1.4,1.74,1
1,1,1,9119,1,1,128.0,1,12,1,4,10,123.0,1,0,0,1,1,0,19,0,0,5,10,0,0.0,0,0,5,10,1,14.0,3,7.6,2.6,0.32,1
1,17,1,9003,1,1,128.0,1,3,1,4,2,118.5,0,0,0,1,1,0,20,0,0,6,9,6,12.8,0,0,6,10,4,12.5,0,14.1,-0.2,0.81,0
1,1,1,9773,1,1,135.0,1,3,1,5,3,130.0,1,0,0,1,0,1,18,0,0,6,8,6,13.8,0,0,6,7,5,12.1,0,13.8,-0.3,0.78,0
1,7,1,9500,1,5,142.0,1,19,1,4,1,139.0,1,0,0,0,0,0,40,0,0,7,0,0,0.0,0,0,8,0,0,0.0,0,12.3,0.6,1.77,0
1,44,1,9130,1,39,148.0,1,1,37,4,8,149.0,1,0,0,0,0,0,21,0,1,6,10,3,12.7,0,0,6,7,0,0.0,0,15.6,2.7,-4.05,0
1,17,2,9853,1,1,134.0,1,19,1,9,3,108.0,1,0,0,1,0,0,20,0,0,7,11,6,11.7,0,0,7,10,3,13.1,0,16.1,0.4,-0.91,1
1,42,1,9003,1,1,131.0,1,3,2,2,6,106.0,0,0,0,0,1,0,37,0,0,6,9,0,0.0,0,0,6,10,0,0.0,0,16.3,0.2,-0.93,0
1,17,5,9070,1,1,126.0,1,19,1,5,5,123.0,1,0,0,1,1,0,23,0,0,6,6,1,11.1,0,0,6,6,0,0.0,0,9.5,-0.7,-3.11,1
1,39,1,9991,0,2,139.0,1,3,3,2,2,156.0,1,0,0,1,1,0,36,0,0,1,1,0,0.0,1,0,5,0,0,0.0,0,10.9,1.3,1.75,0
1,1,5,9500,1,1,144.0,1,37,19,4,4,124.0,1,0,0,1,1,0,19,0,0,7,0,0,0.0,0,0,8,0,0,0.0,0,7.7,2.5,0.31,0
1,1,1,9119,1,1,147.0,1,37,37,9,9,149.0,1,0,0,1,1,0,19,0,0,5,7,4,10.1,0,0,5,8,1,16.1,0,10.9,1.3,1.73,1
1,1,1,9238,1,1,150.0,1,19,38,9,9,158.0,1,0,1,1,0,1,19,0,0,6,8,5,11.7,0,0,6,12,4,11.1,0,7.5,2.7,0.33,1
1,1,1,9773,1,1,126.0,1,3,2,2,1,119.5,1,0,0,1,0,0,23,0,0,6,13,2,12.1,0,0,6,14,1,10.1,0,9.3,-0.7,-3.11,0
5,39,1,9853,1,19,132.0,1,38,1,5,3,106.0,0,0,1,1,0,0,34,0,0,6,7,5,13.3,0,0,6,7,5,10.7,0,7.5,2.7,0.31,0
1,17,1,9773,1,1,117.0,1,37,1,9,8,116.0,1,0,1,0,0,0,20,0,0,6,6,3,11.4,0,0,6,6,0,0.0,0,12.5,0.4,1.78,0
1,1,1,9556,1,1,179.0,103,5,3,1,1,184.0,1,0,0,1,0,0,17,1,0,7,8,4,12.1,0,0,8,8,0,0.0,0,16.3,0.2,-0.91,0
2,39,1,9500,1,19,134.0,1,38,38,7,8,169.0,0,0,0,1,1,0,35,0,0,7,9,6,12.8,0,0,8,11,0,0.0,0,16.1,0.4,-0.93,0
1,39,1,9003,1,1,133.1,1,1,3,9,9,125.0,0,0,0,1,0,0,22,0,0,7,10,4,12.0,0,0,7,15,2,11.5,0,16.2,0.3,-0.92,0
1,1,1,9500,1,1,140.0,1,19,1,9,9,130.0,0,0,0,1,1,0,19,0,0,7,7,0,0.0,0,0,7,14,3,13.0,0,10.8,1.4,1.74,1
1,1,1,9773,1,1,133.0,1,1,3,3,3,130.0,1,0,0,1,0,0,20,0,0,6,6,0,0.0,0,0,6,6,0,0.0,0,11.1,0.6,2.02,1
1,39,1,9147,1,1,133.1,1,38,37,9,9,120.0,0,0,1,0,1,0,28,0,0,5,8,2,12.0,1,0,5,9,1,11.5,0,15.5,2.8,-4.06,0
1,17,1,9254,1,1,130.0,1,19,19,9,9,125.0,0,0,0,1,0,0,21,0,0,6,10,4,12.0,0,0,6,12,3,12.0,0,10.8,1.4,1.74,1
1,39,1,9085,1,12,133.1,1,38,38,9,9,128.0,0,0,1,0,1,0,25,0,0,5,5,0,0.0,0,0,5,5,0,0.0,0,7.6,2.6,0.32,1
1,1,1,9500,1,1,133.0,1,1,3,9,9,125.0,0,0,0,1,0,0,19,0,0,7,12,4,12.0,0,0,7,11,5,11.7,0,16.2,0.3,-0.92,1
1,17,1,9238,1,1,133.0,1,1,38,5,8,125.0,0,0,0,1,0,0,18,0,0,6,10,6,12.0,0,0,6,6,2,11.5,0,12.7,3.7,-1.7,0
1,39,1,9130,1,1,133.1,1,3,1,5,5,110.0,1,0,0,1,0,1,30,0,0,6,7,0,0.0,0,0,6,16,1,10.0,0,11.1,0.6,2.02,0
1,1,1,9254,1,1,143.0,1,2,37,1,1,133.2,1,0,0,1,0,0,19,0,0,6,9,5,13.4,0,0,6,16,2,13.5,0,10.8,1.4,1.74,1
2,39,1,9147,1,1,130.0,1,1,19,9,9,109.9,0,0,0,0,0,0,29,0,0,4,4,0,0.0,0,0,5,0,0,0.0,0,12.7,3.7,-1.7,0
1,44,1,9003,1,39,130.0,1,38,38,9,5,130.0,0,0,1,0,1,0,20,0,0,6,16,4,11.8,0,0,6,15,2,12.0,0,16.2,0.3,-0.92,0
1,39,1,9147,1,12,133.1,1,19,37,7,9,118.2,0,0,0,1,0,0,31,0,0,5,8,1,13.0,2,0,5,9,4,12.25,0,10.8,1.4,1.74,0
1,1,1,9238,1,1,170.0,1,37,37,0,0,150.8,1,0,0,1,0,0,27,0,0,6,13,2,11.0,0,0,6,14,1,11.0,0,7.6,2.6,0.32,0
1,17,1,9238,1,1,137.0,1,1,38,5,8,125.8,0,0,0,0,0,1,18,0,0,6,10,6,12.666666666666666,0,0,6,6,2,11.5,0,12.7,3.7,-1.7,0
1,1,1,9003,1,1,110.0,1,1,1,4,4,110.0,0,0,0,1,1,0,22,0,0,6,6,6,10.5,0,0,6,6,6,11.0,0,16.2,0.3,-0.92,0
1,1,1,9147,1,1,120.0,1,1,1,9,9,120.0,0,0,0,1,0,0,21,0,0,5,8,4,11.0,0,0,5,9,3,12.0,0,12.7,3.7,-1.7,1
1,39,1,9003,1,1,130.0,1,1,1,4,10,130.0,0,0,0,1,1,0,20,0,0,6,7,6,15.0,0,0,6,9,6,16.0,0,15.5,2.8,-4.06,1
1,1,1,9147,1,1,120.0,1,37,37,9,9,115.0,0,0,0,1,0,0,18,0,0,5,7,4,10.0,0,0,5,7,4,11.0,0,9.4,-0.8,-3.12,1
1,39,1,9085,1,1,133.1,1,1,1,2,5,105.0,0,0,0,1,1,0,24,0,0,6,0,0,0.0,0,0,6,0,0,0.0,0,10.8,1.4,1.74,0
1,1,2,9147,1,1,131.0,1,1,1,4,4,130.0,1,0,0,1,1,0,20,0,0,5,8,4,11.5,0,0,5,10,3,12.0,0,7.6,2.6,0.32,1
1,39,1,9003,1,1,133.1,1,1,1,4,4,115.0,0,0,0,1,1,0,26,0,0,6,14,3,14.0,0,0,6,18,3,14.5,0,16.2,0.3,-0.92,0
1,1,1,9147,1,1,120.0,1,38,38,9,9,120.0,1,0,0,1,0,0,20,0,0,5,7,4,11.0,0,0,5,8,3,11.5,0,10.8,1.4,1.74,1
1,1,1,9147,1,1,121.0,1,1,1,4,4,120.0,1,0,0,1,0,0,20,0,0,5,6,5,10.0,0,0,5,8,3,12.0,0,7.6,2.6,0.32,1
1,1,1,9147,1,1,120.0,1,1,1,4,4,120.0,1,0,0,1,0,0,19,0,0,5,8,4,11.0,0,0,5,9,3,12.0,0,9.4,-0.8,-3.12,1
1,1,1,9147,1,1,131.0,1,37,37,9,9,130.0,0,0,0,1,0,0,20,0,0,5,8,4,11.0,0,0,5,10,3,12.0,0,12.7,3.7,-1.7,1
1,1,1,9147,1,1,120.0,1,37,37,9,9,120.0,0,0,0,1,0,0,19,0,0,5,8,4,11.0,0,0,5,8,4,11.5,0,10.8,1.4,1.74,1
1,39,1,9003,1,1,120.0,1,1,1,4,4,120.0,0,0,0,1,1,0,24,0,0,6,7,6,15.0,0,0,6,10,6,16.0,0,15.5,2.8,-4.06,1
1,1,1,9147,1,1,131.0,1,37,37,9,9,130.0,1,0,0,1,0,0,20,0,0,5,8,4,11.0,0,0,5,8,4,12.0,0,7.6,2.6,0.32,1
1,1,1,9147,1,1,120.0,1,37,37,9,9,120.0,0,0,0,1,0,0,21,0,0,5,8,4,11.0,0,0,5,8,4,11.5,0,10.8,1.4,1.74,1
1,1,1,9147,1,1,120.0,1,37,37,9,9,120.0,0,0,0,1,0,0,20,0,0,5,8,4,11.0,0,0,5,8,4,12.0,0,7.6,2.6,0.32,1
1,1,1,9147,1,1,125.0,1,1,1,4,4,120.0,0,0,1,0,1,0,23,0,0,5,6,3,10.0,0,0,5,7,0,0.0,0,13.9,-0.3,0.79,0
1,1,1,9147,1,1,130.0,1,1,1,9,9,130.0,0,0,0,1,0,0,20,0,0,5,8,5,11.5,0,0,5,9,3,11.0,0,7.6,2.6,0.32,1
1,39,1,9556,1,40,135.0,1,1,1,4,5,140.0,0,0,0,1,0,0,24,0,0,6,10,5,12.0,0,0,6,9,4,11.5,0,15.5,2.8,-4.06,1
1,17,1,9254,1,1,120.0,1,37,37,5,6,125.0,0,0,0,1,1,0,19,0,0,6,7,4,11.0,0,0,6,8,4,10.5,0,7.6,2.6,0.32,1
1,1,1,9003,1,1,140.0,1,1,1,9,9,140.0,0,0,0,1,0,0,19,0,0,6,10,5,12.0,0,0,6,10,5,11.0,0,13.9,-0.3,0.79,1
1,39,1,9003,1,1,130.0,1,37,37,9,9,120.0,0,0,1,0,1,0,25,0,0,6,11,5,11.0,0,0,6,12,3,10.5,0,12.4,0.5,1.79,0
1,1,1,9147,1,1,140.0,1,1,1,4,4,130.0,0,0,0,1,0,0,21,0,0,5,8,4,11.5,0,0,5,9,4,12.0,0,8.9,1.4,3.51,1
1,1,1,9147,1,1,135.0,1,3,1,4,4,125.0,1,0,0,1,0,0,20,0,0,5,7,4,12.0,0,0,5,8,3,11.0,0,7.6,2.6,0.32,1
1,39,1,9003,1,1,133.1,1,1,1,4,4,120.0,0,0,1,0,1,0,28,0,0,6,8,4,11.0,0,0,6,9,3,10.5,0,13.9,-0.3,0.79,0
1,1,1,9147,1,1,120.0,1,1,1,9,9,120.0,0,0,0,1,0,0,18,0,0,5,8,3,11.0,0,0,5,9,3,11.5,0,10.8,1.4,1.74,1
1,17,1,9254,1,1,125.0,1,37,37,9,9,125.0,0,0,0,1,1,0,22,0,0,6,10,5,12.0,0,0,6,11,4,11.5,0,7.6,2.6,0.32,1
1,39,1,9556,1,40,130.0,1,1,1,4,4,135.0,0,0,0,1,0,0,23,0,0,7,10,6,12.0,0,0,7,9,5,11.5,0,15.5,2.8,-4.06,1
1,1,1,9147,1,1,130.0,1,38,1,9,9,120.0,0,0,0,1,1,0,20,0,0,5,8,4,11.5,0,0,5,9,3,11.0,0,8.9,1.4,3.51,1
1,39,1,9556,1,1,140.0,1,37,37,9,9,140.0,0,0,1,0,1,0,27,0,0,7,12,4,11.0,0,0,7,13,3,10.5,0,12.4,0.5,1.79,0
1,17,1,9254,1,1,120.0,1,37,37,9,9,120.0,0,0,0,1,0,0,19,0,0,6,10,5,11.5,0,0,6,11,4,12.0,0,7.6,2.6,0.32,1
1,1,1,9147,1,1,135.0,1,1,1,9,9,125.0,0,0,0,1,0,0,18,0,0,5,8,3,11.0,0,0,5,9,3,11.5,0,10.8,1.4,1.74,1
1,17,1,9070,1,1,120.0,1,19,19,9,9,115.0,0,0,0,1,0,0,20,0,0,6,6,6,12.0,0,0,6,6,6,12.0,0,7.6,2.6,0.32,1
1,39,1,9500,1,1,115.0,1,37,37,9,9,125.0,0,0,1,0,0,0,28,0,0,7,10,3,13.0,0,0,7,8,0,0.0,0,16.2,0.3,-0.92,0
1,17,2,9085,1,1,110.0,1,19,19,4,9,110.0,1,0,1,0,0,0,19,0,0,6,14,2,12.5,0,0,6,7,0,0.0,0,15.5,2.8,-4.06,0
1,7,1,9991,0,3,135.0,1,19,19,3,9,135.0,0,0,0,0,1,0,30,0,0,5,11,4,14.0,0,0,5,8,2,14.5,0,16.2,0.3,-0.92,0
1,17,5,9254,1,1,110.0,1,38,1,5,9,110.0,0,0,0,1,1,0,18,0,0,5,6,0,0.0,0,0,5,9,0,0.0,0,10.8,1.4,1.74,1
1,1,3,9147,1,1,130.0,1,38,38,9,9,125.0,1,0,0,1,1,0,20,0,0,5,7,3,10.5,0,0,5,6,2,10.0,0,12.7,3.7,-1.7,0
1,1,2,9773,1,1,140.0,1,3,3,3,2,135.0,1,0,0,1,0,0,19,0,0,6,0,0,0.0,0,0,6,0,0,0.0,0,16.2,0.3,-0.92,0
1,1,1,9147,1,1,120.0,1,1,1,4,2,130.0,1,0,0,1,1,0,21,0,0,5,0,0,0.0,0,0,5,0,0,0.0,0,8.9,1.4,3.51,0
1,1,1,9238,1,1,140.0,1,37,37,9,9,130.0,1,0,0,1,0,0,18,0,0,6,9,5,11.0,0,0,6,10,6,11.5,0,7.6,2.6,0.32,1
1,1,1,9147,1,1,125.0,1,37,37,9,9,120.0,0,0,1,1,1,1,23,0,0,5,7,5,10.0,0,0,5,10,2,11.5,0,15.5,2.8,-4.06,1
2,39,1,9991,0,1,130.0,1,37,19,9,10,145.0,0,0,0,1,1,0,45,0,0,5,7,4,9.5,0,0,5,7,4,12.0,0,9.4,-0.8,-3.12,1
1,44,1,9085,1,39,135.0,1,19,37,5,7,135.0,1,0,0,1,1,0,18,0,2,6,8,4,12.0,0,1,6,14,2,11.5,0,12.4,0.5,1.79,0
1,39,1,9238,1,1,135.0,1,34,34,0,0,110.0,1,0,0,0,0,0,27,0,0,6,10,1,12.5,0,0,6,11,0,0.0,0,9.4,-0.8,-3.12,0
1,1,2,9085,1,1,150.0,1,40,40,3,7,145.0,1,0,0,1,0,0,19,0,0,6,7,6,15.5,0,0,6,9,6,14.0,0,11.1,0.6,2.02,0
1,1,4,9500,1,1,115.0,1,19,19,3,3,105.0,1,0,0,1,0,0,19,0,0,7,10,4,12.0,0,0,7,6,7,12.0,0,11.1,0.6,2.02,1
1,1,5,9500,1,1,120.0,1,1,1,3,8,110.0,1,0,0,1,0,0,17,0,0,7,8,6,11.5,0,0,7,8,6,11.0,0,16.2,0.3,-0.92,1
1,39,1,9147,1,1,115.0,1,1,1,9,1,110.0,0,0,1,0,0,0,28,0,0,6,7,0,0.0,0,0,6,6,0,0.0,0,13.9,-0.3,0.79,0
1,1,1,9670,1,1,130.0,1,19,19,4,4,128.0,1,0,0,1,0,0,20,0,0,6,10,5,12.0,0,0,6,10,5,12.0,0,12.4,0.5,1.79,1
1,43,1,9003,1,1,125.0,1,37,37,5,9,118.0,0,0,0,1,1,0,23,0,0,6,7,0,0.0,0,0,6,7,0,0.0,0,16.2,0.3,-0.92,0
1,39,1,9147,1,1,120.0,1,37,37,9,9,115.0,0,0,1,0,1,0,32,0,0,5,0,0,0.0,0,0,5,0,0,0.0,0,10.8,1.4,1.74,0
1,43,1,9070,1,1,135.0,1,37,19,9,9,125.0,0,0,0,1,1,0,21,0,0,6,10,6,13.0,0,0,6,10,6,13.0,0,13.9,-0.3,0.79,1
1,39,1,9070,1,1,133.1,1,37,37,9,9,122.0,0,0,0,1,1,0,27,0,0,6,11,4,12.75,0,0,6,11,4,12.75,0,15.5,2.8,-4.06,1
1,1,1,9238,1,1,120.0,1,19,19,4,5,118.0,1,0,0,1,1,0,19,0,0,6,10,5,12.0,0,0,6,10,5,12.0,0,12.7,3.7,-1.7,1
1,39,1,9500,1,1,133.1,1,37,37,9,9,105.0,0,0,0,1,1,0,30,0,0,7,7,0,0.0,0,0,7,7,0,0.0,0,12.4,0.5,1.79,1
1,17,1,9070,1,1,110.0,1,1,1,4,4,110.0,0,0,0,1,0,0,19,0,0,6,8,5,11.5,0,0,6,8,5,11.5,0,10.8,1.4,1.74,1
1,39,1,9070,1,1,145.0,1,37,37,9,9,130.0,0,0,0,1,1,0,35,0,0,6,10,0,0.0,0,0,6,10,0,0.0,0,12.7,3.7,-1.7,1
1,1,1,9670,1,1,125.0,1,1,37,4,9,120.0,1,0,0,1,1,0,19,0,0,6,8,5,12.0,0,0,6,8,5,12.0,0,11.1,0.6,2.02,1
1,1,1,9670,1,1,135.0,1,37,37,5,8,130.0,1,0,0,1,0,0,20,0,0,6,10,4,12.5,0,0,6,10,4,12.5,0,7.6,2.6,0.32,1
1,1,1,9070,1,1,133.1,1,1,37,5,9,130.0,1,0,0,1,1,0,18,0,0,5,10,3,12.0,0,0,5,10,3,12.0,0,9.4,-0.8,-3.12,1
1,39,1,9238,1,1,133.1,1,37,37,9,9,115.0,0,0,0,1,1,0,25,0,0,6,10,5,12.0,0,0,6,10,5,12.0,0,13.9,-0.3,0.79,1
1,1,1,9670,1,1,120.0,1,1,37,4,9,115.0,1,0,0,1,1,0,18,0,0,5,9,4,11.5,0,0,5,9,4,11.5,0,12.7,3.7,-1.7,1
1,1,1,9070,1,1,130.0,1,37,37,5,8,120.0,1,0,0,1,0,0,22,0,0,6,10,5,12.0,0,0,6,10,5,12.0,0,16.2,0.3,-0.92,1
1,39,1,9003,1,1,135.0,1,37,37,9,9,125.0,0,0,0,1,1,0,27,0,0,6,10,5,11.5,0,0,6,11,5,12.0,0,10.8,1.4,1.74,0
1,17,1,9147,1,1,120.0,1,1,1,4,4,120.0,0,0,0,1,1,0,19,0,0,5,10,4,11.0,0,0,5,11,3,11.5,0,13.9,-0.3,0.79,1
1,39,1,9238,1,1,133.1,1,37,37,0,4,119.0,0,0,0,0,1,0,30,0,0,6,8,2,9.5,0,0,6,10,0,0.0,0,7.6,2.6,0.32,0
1,1,1,9500,1,1,125.0,1,37,37,7,7,120.0,0,0,0,1,1,0,21,0,0,7,8,0,0.0,1,0,7,7,0,0.0,0,13.9,-0.3,0.79,1
1,44,1,9130,1,39,135.0,1,1,1,4,4,130.0,0,0,0,1,1,0,20,0,0,6,12,3,11.0,0,0,6,13,4,12.0,0,12.4,0.5,1.79,1
1,17,1,9773,1,1,128.0,1,3,3,2,3,120.0,1,0,0,1,1,0,18,0,0,6,11,4,10.5,0,0,6,13,3,11.0,0,13.9,-0.3,0.79,1
1,39,1,9119,1,1,130.0,1,37,3,9,3,135.0,1,0,0,1,1,0,29,0,0,5,10,4,10.0,0,0,5,12,4,11.0,0,7.6,2.6,0.32,1
1,1,1,9238,1,1,118.0,1,38,19,8,10,112.0,1,0,0,1,1,0,20,0,0,6,7,4,10.0,0,0,6,9,4,11.0,0,7.6,2.6,0.32,0
1,1,1,9500,1,1,130.0,1,37,38,6,6,122.0,0,0,0,1,1,0,19,0,0,7,9,6,12.5,0,0,7,8,6,12.0,0,7.6,2.6,0.32,1
1,44,1,9085,1,39,140.0,1,1,1,4,4,135.0,1,0,0,1,1,0,25,0,2,6,18,4,11.5,0,1,6,15,3,10.0,0,15.5,2.8,-4.06,1
1,39,1,9991,0,1,145.0,1,34,34,90,90,115.0,0,0,0,1,1,0,26,0,0,5,8,0,0.0,0,0,5,5,0,0.0,0,7.6,2.6,0.32,0
1,17,1,9670,1,1,135.0,1,19,37,9,8,120.0,1,0,0,1,1,0,23,0,0,6,6,0,0.0,0,0,6,0,0,0.0,0,13.9,-0.3,0.79,0
1,1,1,9500,1,1,120.0,1,37,38,6,6,118.0,0,0,0,1,1,0,19,0,0,7,8,0,0.0,1,0,7,7,0,0.0,0,13.9,-0.3,0.79,1
1,17,1,9147,1,1,130.0,1,1,1,4,7,125.0,1,0,0,1,1,0,22,0,0,5,6,3,11.0,0,0,5,5,3,11.0,0,11.1,0.6,2.02,1
1,39,1,9003,1,1,130.0,1,3,1,2,4,150.0,0,0,1,0,1,0,34,0,0,6,10,5,15.0,0,0,6,11,4,15.5,0,8.9,1.4,3.51,0
1,1,1,9853,1,1,120.0,1,1,38,5,10,115.0,1,0,0,1,0,0,18,0,0,6,10,5,12.0,0,0,6,9,5,12.5,0,11.1,0.6,2.02,1
1,1,1,9147,1,1,122.0,1,37,37,9,9,118.0,0,0,0,1,0,0,21,0,0,5,8,3,10.5,0,0,5,9,2,11.0,0,11.1,0.6,2.02,0
1,39,1,9003,1,1,133.1,1,37,37,9,9,125.0,0,0,0,1,1,0,23,0,0,6,7,5,11.5,0,0,6,7,5,11.0,0,12.4,0.5,1.79,1
1,17,1,9670,1,1,129.0,1,1,19,4,5,110.0,1,0,0,1,0,0,19,0,0,6,8,5,12.0,0,0,6,8,5,12.0,0,10.8,1.4,1.74,1
1,1,1,9147,1,1,115.0,1,1,19,9,9,119.0,1,0,0,1,0,0,20,0,0,5,10,4,11.0,0,0,5,10,3,11.5,0,7.6,2.6,0.32,1
1,39,1,9003,1,1,140.0,1,37,37,9,9,135.0,0,0,0,1,1,0,22,0,0,6,6,0,0.0,0,0,6,6,0,0.0,0,15.5,2.8,-4.06,0
1,1,1,9500,1,1,120.0,1,3,19,4,5,118.0,1,0,0,1,0,0,18,0,0,7,8,6,12.0,0,0,7,8,6,12.0,0,11.1,0.6,2.02,1
1,17,1,9147,1,1,130.0,1,38,38,9,9,125.0,1,0,0,1,1,0,20,0,0,5,8,3,11.0,0,0,5,9,3,11.5,0,10.8,1.4,1.74,1
1,39,1,9003,1,1,133.1,1,37,37,9,9,128.0,0,0,0,1,1,0,24,0,0,6,6,0,0.0,0,0,6,6,0,0.0,0,12.4,0.5,1.79,1
1,1,1,9147,1,1,118.0,1,37,37,9,9,117.0,1,0,0,1,0,0,20,0,0,5,9,2,10.5,0,0,5,10,3,11.0,0,7.6,2.6,0.32,1
1,17,1,9070,1,1,128.0,1,1,19,5,8,115.0,1,0,0,1,0,0,18,0,0,6,7,5,11.5,0,0,6,8,4,12.0,0,7.6,2.6,0.32,1
1,39,1,9003,1,1,133.1,1,1,1,9,9,122.0,0,0,0,1,1,0,25,0,0,6,6,0,0.0,0,0,6,6,0,0.0,0,15.5,2.8,-4.06,0
1,1,1,9500,1,1,130.0,1,37,37,9,9,120.0,1,0,0,1,0,0,19,0,0,7,9,6,12.5,0,0,7,9,6,12.5,0,11.1,0.6,2.02,1
1,17,1,9238,1,1,130.0,1,37,37,9,9,120.0,1,0,0,1,1,0,19,0,0,6,8,5,11.0,0,0,6,8,5,11.0,0,9.4,-0.8,-3.12,1
1,39,1,9003,1,1,133.1,1,1,19,9,9,125.0,0,0,0,1,1,0,23,0,0,6,6,0,0.0,0,0,6,6,0,0.0,0,12.4,0.5,1.79,1
1,1,1,9147,1,1,125.0,1,37,37,9,9,115.0,1,0,0,1,0,0,20,0,0,5,10,4,11.0,0,0,5,10,3,11.5,0,7.6,2.6,0.32,1
1,1,1,9500,1,1,122.0,1,37,37,9,9,119.0,1,0,0,1,0,0,19,0,0,7,8,6,12.0,0,0,7,8,6,12.0,0,11.1,0.6,2.02,1
1,39,1,9147,1,1,133.1,1,19,19,9,9,120.0,0,0,0,1,1,0,25,0,0,5,9,5,12.0,0,0,5,5,5,10.2,0,11.1,0.6,2.02,1
1,1,1,9070,1,1,129.0,1,3,4,2,2,136.4,0,0,0,1,0,0,19,0,0,6,6,6,12.333333333333334,0,0,6,6,6,12.833333333333334,0,7.6,2.6,0.32,1
1,1,1,9238,1,1,125.0,1,37,37,9,9,128.0,0,0,0,1,0,0,20,0,0,6,13,1,14.0,0,0,6,7,0,0.0,0,15.5,2.8,-4.06,1
1,39,1,9003,1,1,133.1,1,38,38,4,7,115.6,0,0,0,0,0,0,27,0,0,6,8,0,0.0,0,0,6,8,0,0.0,0,15.5,2.8,-4.06,0
1,43,1,9991,0,1,133.1,1,37,19,3,10,136.1,0,0,0,1,1,1,42,0,0,5,14,1,10.0,0,0,5,14,1,11.0,0,13.9,-0.3,0.79,0
1,17,1,9130,1,1,131.0,1,1,3,9,10,123.7,1,0,0,1,1,0,20,0,0,5,7,4,12.0,0,0,5,8,2,12.5,0,10.8,1.4,1.74,1
2,39,1,9500,1,19,133.1,1,38,38,2,10,120.0,0,0,0,1,0,0,37,0,0,7,9,2,10.75,0,0,7,9,0,0.0,0,16.2,0.3,-0.92,0
1,17,1,9773,1,1,127.0,1,1,33,3,3,129.8,0,0,0,0,1,0,20,0,0,6,10,0,0.0,0,0,5,10,0,0.0,0,10.8,1.4,1.74,0
1,39,1,9085,1,12,133.1,1,38,19,9,8,138.3,1,0,1,0,1,0,25,0,0,6,6,0,0.0,0,0,6,6,0,0.0,0,8.9,1.4,3.51,1
2,39,1,8014,0,12,133.1,1,34,34,0,0,135.0,0,0,0,1,0,0,51,0,0,6,12,0,0.0,0,1,6,11,0,0.0,1,7.6,2.6,0.32,0
1,17,5,9254,1,1,121.0,1,1,19,4,7,116.5,1,0,0,0,1,0,18,0,0,6,12,0,0.0,0,0,6,0,0,0.0,0,9.4,-0.8,-3.12,0
1,43,1,9130,1,1,127.0,1,19,38,4,5,120.7,1,0,1,1,0,0,18,0,0,5,11,1,12.0,0,0,5,9,3,12.0,0,12.7,3.7,-1.7,1
4,39,1,8014,0,19,100.0,1,1,37,9,1,111.5,0,0,0,1,1,0,45,0,2,8,10,4,11.5,0,2,8,13,4,11.0,0,10.8,1.4,1.74,0
1,39,1,9119,1,1,133.1,1,34,34,0,0,110.0,0,0,1,1,1,0,23,0,0,5,6,3,10.0,0,0,5,5,0,0.0,0,10.8,1.4,1.74,0
1,17,1,9238,1,1,126.0,1,37,19,9,8,118.0,1,0,0,1,0,0,19,0,0,6,10,4,10.5,0,0,6,11,3,11.0,0,12.7,3.7,-1.7,1
1,39,1,9119,1,1,120.0,1,37,37,9,9,115.0,0,0,0,1,1,0,28,0,0,5,6,2,11.5,0,0,5,5,0,0.0,0,7.6,2.6,0.32,1
1,1,1,9147,1,1,121.0,1,37,37,9,9,118.0,1,0,0,1,0,0,20,0,0,5,10,2,12.0,0,0,5,10,2,11.0,0,15.5,2.8,-4.06,1
1,1,1,9147,1,1,130.0,1,37,37,9,9,120.0,1,0,0,1,1,0,22,0,0,5,10,3,12.5,0,0,5,10,3,11.0,0,10.8,1.4,1.74,1
1,39,1,9119,1,1,140.0,1,37,37,5,5,130.0,1,0,0,1,0,0,24,0,0,5,8,3,11.0,0,0,5,10,3,12.0,0,7.6,2.6,0.32,1
1,17,1,9254,1,1,122.0,1,37,37,9,9,114.0,1,0,0,1,0,0,21,0,0,6,12,4,11.5,0,0,6,10,3,10.0,0,10.8,1.4,1.74,1
1,39,1,9130,1,1,133.1,1,1,1,4,10,110.0,0,0,1,1,1,0,23,0,0,5,11,2,12.5,0,0,5,8,3,12.0,0,9.4,-0.8,-3.12,0
1,1,1,9147,1,1,130.0,1,37,37,9,9,118.0,0,0,1,1,1,1,21,0,0,5,8,5,10.666666666666666,0,0,5,11,2,11.0,0,15.5,2.8,-4.06,1
1,39,1,9130,1,1,150.0,1,1,1,4,10,115.0,0,0,1,1,1,0,25,0,0,5,13,2,12.5,2,0,5,8,3,12.333333333333334,0,9.4,-0.8,-3.12,0
1,1,1,9119,1,1,160.0,1,37,37,9,6,155.0,0,0,0,1,1,0,19,0,0,5,7,1,13.0,0,0,5,7,2,10.0,0,9.4,-0.8,-3.12,1
1,1,1,9238,1,1,145.0,1,37,37,9,7,140.0,0,0,0,1,0,0,27,0,0,6,12,2,11.0,0,0,6,14,4,10.5,0,9.4,-0.8,-3.12,0
1,39,1,9119,1,1,130.0,1,37,3,9,3,137.0,1,0,0,1,1,0,28,0,0,5,11,4,10.5,0,0,5,12,4,11.0,4,7.6,2.6,0.32,1
1,17,1,9254,1,1,126.0,1,37,37,7,7,121.7,1,0,0,1,0,0,20,0,0,6,13,3,10.333333333333334,0,0,6,12,3,10.333333333333334,0,10.8,1.4,1.74,1
1,1,1,9147,1,1,148.0,1,19,1,7,5,138.3,1,0,0,1,1,0,19,0,0,5,6,4,13.75,0,0,5,5,0,0.0,0,12.4,0.5,1.79,0
1,39,1,9003,1,1,140.0,1,37,37,9,4,140.0,0,0,0,1,1,0,35,0,0,6,16,4,12.0,0,0,6,11,3,10.333333333333334,0,13.9,-0.3,0.79,0
1,1,1,9147,1,1,125.0,1,1,1,4,4,120.0,0,0,0,1,0,0,21,0,0,6,8,5,12.0,0,0,6,7,3,11.5,0,13.9,-0.3,0.79,0
1,39,1,9003,1,1,130.0,1,37,37,9,9,125.0,0,0,0,1,1,0,25,0,0,5,6,4,11.0,0,0,5,7,3,12.0,0,16.2,0.3,-0.92,1
1,39,1,9670,1,1,110.0,1,37,37,4,4,115.0,0,0,0,1,1,0,24,0,0,6,7,4,12.5,0,0,6,7,4,13.0,0,12.7,3.7,-1.7,0
1,17,1,9147,1,1,130.0,1,38,19,5,7,125.0,1,0,0,1,0,0,20,0,0,6,9,5,11.5,0,0,6,8,5,12.0,0,11.1,0.6,2.02,1
1,1,1,9773,1,1,120.0,1,3,3,2,2,125.0,0,0,0,1,0,0,18,0,0,6,7,4,12.75,0,0,6,6,0,0.0,0,15.5,2.8,-4.06,0
1,39,1,9003,1,1,135.0,1,37,37,9,9,125.0,0,0,0,1,1,0,28,0,0,6,8,5,12.0,0,0,6,7,3,13.0,0,10.8,1.4,1.74,0
1,17,1,9238,1,1,118.0,1,1,19,5,7,115.0,0,0,0,1,0,0,20,0,0,5,8,4,11.0,0,0,5,7,5,13.0,0,12.4,0.5,1.79,1
1,1,1,9254,1,1,120.0,1,3,19,2,9,120.0,1,0,0,1,1,0,19,0,0,6,7,5,13.0,0,0,6,7,5,13.0,0,10.8,1.4,1.74,1
1,39,1,9003,1,1,130.0,1,37,37,9,7,125.0,0,0,0,1,1,0,26,0,0,5,7,3,11.0,0,0,6,8,4,12.0,0,16.2,0.3,-0.92,0
1,1,1,9119,1,1,145.0,1,19,19,9,8,130.0,0,0,0,1,1,0,18,0,0,5,6,5,14.0,0,0,5,6,5,14.0,0,8.9,1.4,3.51,1
1,1,1,9773,1,1,126.0,1,19,37,9,3,120.0,1,0,0,1,0,0,22,0,0,6,8,5,13.0,0,0,6,7,0,0.0,0,16.2,0.3,-0.92,1
1,17,1,9147,1,1,120.0,1,1,19,5,7,120.0,1,0,0,1,0,0,19,0,0,5,8,4,11.0,0,0,5,7,5,13.0,0,12.4,0.5,1.79,1
1,39,1,9003,1,1,130.0,1,19,37,9,7,120.0,0,0,1,0,1,0,27,0,0,6,8,0,0.0,0,0,5,6,0,0.0,0,15.5,2.8,-4.06,0
1,39,1,9085,1,1,135.0,1,19,19,4,10,130.0,0,0,0,1,1,0,25,0,0,5,7,3,11.0,0,0,6,8,4,13.0,0,13.9,-0.3,0.79,1
1,1,1,9119,1,1,130.0,1,3,19,2,9,120.0,1,0,0,1,1,0,18,0,0,5,7,5,13.0,0,0,6,7,5,13.0,0,10.8,1.4,1.74,1
1,39,1,9147,1,1,125.0,1,37,37,9,9,110.0,0,0,0,1,0,0,23,0,0,5,6,3,10.5,0,0,5,7,2,11.0,0,12.4,0.5,1.79,0
1,1,1,9085,1,1,130.0,1,38,37,9,9,120.0,1,0,0,1,0,0,19,0,0,5,9,3,13.0,0,0,5,8,4,13.5,0,10.8,1.4,1.74,1
1,39,1,9500,1,19,133.1,1,37,37,9,9,115.0,0,0,1,1,0,0,27,0,0,7,10,5,11.5,0,0,7,10,4,12.0,0,12.4,0.5,1.79,0
1,1,1,9147,1,1,120.0,1,38,38,9,9,120.0,1,0,0,1,0,0,20,0,0,5,12,3,11.0,0,0,5,10,3,11.5,0,10.8,1.4,1.74,1
1,39,1,9003,1,1,133.1,1,37,37,9,9,118.0,0,0,0,1,0,0,24,0,0,6,7,3,11.0,0,0,6,8,3,11.5,0,11.1,0.6,2.02,1
1,1,1,9147,1,1,120.0,1,1,37,9,9,118.0,1,0,0,1,0,0,21,0,0,5,11,3,12.0,0,0,5,12,3,12.5,0,9.4,-0.8,-3.12,1
1,39,1,9500,1,1,133.1,1,37,37,9,9,125.0,0,0,0,1,0,0,25,0,0,7,13,5,12.0,0,0,7,11,4,11.5,0,12.4,0.5,1.79,1
1,1,1,9085,1,1,130.0,1,38,38,9,9,125.0,1,0,0,1,0,0,20,0,0,5,14,3,13.0,0,0,5,11,3,12.0,0,9.4,-0.8,-3.12,1
1,39,1,9500,1,1,120.0,1,37,37,9,9,120.0,0,0,0,1,0,0,22,0,0,7,8,4,12.0,0,0,7,7,5,11.0,0,12.4,0.5,1.79,0
1,1,1,9085,1,1,130.0,1,38,37,9,9,122.0,1,0,0,1,0,0,19,0,0,5,10,2,11.0,0,0,5,8,3,12.0,0,10.8,1.4,1.74,1
1,39,1,9500,1,1,133.1,1,37,37,9,9,110.0,0,0,0,1,0,0,26,0,0,7,12,4,12.5,0,0,7,10,4,11.5,0,12.4,0.5,1.79,0
1,1,1,9147,1,1,125.0,1,37,37,9,9,120.0,1,0,0,1,0,0,21,0,0,5,10,3,12.0,0,0,5,11,3,11.5,0,12.7,3.7,-1.7,1
1,39,1,9500,1,1,133.1,1,37,37,9,9,115.0,0,0,0,1,0,0,24,0,0,7,11,5,12.0,0,0,7,10,4,11.0,0,12.4,0.5,1.79,0
1,1,1,9147,1,1,125.0,1,38,38,9,9,125.0,1,0,0,1,0,0,20,0,0,5,11,3,12.0,0,0,5,12,3,12.5,0,10.8,1.4,1.74,1
1,39,1,9003,1,1,140.0,1,37,37,9,9,130.0,0,0,0,1,0,0,23,0,0,6,8,4,11.5,0,0,6,7,3,11.0,0,11.1,0.6,2.02,1
1,1,1,9085,1,1,130.0,1,37,37,9,9,125.0,1,0,0,1,0,0,20,0,0,5,12,3,13.0,0,0,5,10,3,12.0,0,9.4,-0.8,-3.12,1
1,39,1,9003,1,1,133.1,1,37,37,9,6,118.0,0,0,1,0,1,0,24,0,0,6,0,0,0.0,0,0,6,0,0,0.0,0,16.2,0.3,-0.92,0
1,1,1,9500,1,1,125.0,1,1,19,9,8,117.0,0,0,0,1,0,1,20,0,0,7,12,5,12.002,1,0,8,12,5,12.002,1,10.8,1.4,1.74,1
1,17,1,9070,1,1,130.0,1,1,37,9,9,125.0,1,0,0,1,0,0,19,0,0,6,0,0,0.0,0,0,6,0,0,0.0,0,12.7,3.7,-1.7,0
1,39,1,9670,1,1,133.1,1,37,37,9,9,120.0,0,0,1,0,1,0,26,0,0,5,5,0,0.0,0,0,5,5,0,0.0,0,15.5,2.8,-4.06,0
1,1,1,9254,1,1,125.0,1,19,38,9,8,114.6,1,0,0,1,1,0,19,0,0,6,13,2,12.0,0,0,6,12,1,13.0,0,7.6,2.6,0.32,1
1,39,1,9003,1,1,133.1,1,1,38,9,9,120.0,0,0,1,0,1,0,26,0,0,6,8,0,0.0,0,0,6,6,0,0.0,0,13.9,-0.3,0.79,0
1,1,1,9773,1,1,109.0,1,2,3,3,3,111.8,1,0,1,1,1,0,25,0,0,6,8,6,11.571428571428571,0,0,6,9,6,11.571428571428571,0,15.5,2.8,-4.06,1
1,17,1,9119,1,1,130.0,1,19,19,7,3,119.9,1,0,1,1,1,0,20,0,0,5,5,0,0.0,0,0,5,5,0,0.0,5,9.4,-0.8,-3.12,1
1,39,1,9500,1,1,130.0,1,37,37,9,9,114.3,0,0,1,0,0,0,41,0,0,7,0,0,0.0,0,0,8,0,0,0.0,0,10.8,1.4,1.74,0
1,17,1,9119,1,1,130.0,1,19,38,9,7,127.3,0,0,0,1,1,0,18,0,0,5,10,3,11.0,0,0,5,6,3,11.0,1,16.2,0.3,-0.92,1
1,1,2,9500,1,1,130.0,1,1,38,9,9,125.1,1,0,0,1,0,1,18,0,0,7,9,6,12.816666666666668,0,0,8,11,6,12.875,0,11.1,0.6,2.02,1
1,1,1,9254,1,1,124.0,1,37,38,9,8,114.6,1,0,0,1,1,0,19,0,0,6,13,2,12.0,0,0,6,12,1,13.0,0,7.6,2.6,0.32,1
1,39,1,9003,1,1,160.0,1,1,38,5,6,168.6,0,0,0,1,1,0,26,0,0,6,9,0,0.0,0,0,6,6,0,0.0,0,13.9,-0.3,0.79,0
1,17,1,9773,1,1,128.0,1,19,38,5,7,125.6,1,0,0,1,1,0,19,0,0,6,6,0,0.0,0,0,6,0,0,0.0,0,8.9,1.4,3.51,0
1,1,1,9238,1,1,125.0,1,1,1,5,5,128.5,0,0,0,1,1,0,20,0,0,6,13,1,14.0,0,0,6,7,0,0.0,0,16.2,0.3,-0.92,0
1,39,1,9500,1,1,133.1,1,3,3,9,9,105.0,0,0,1,1,1,0,25,0,0,7,18,2,10.0,2,0,7,10,1,11.0,0,12.7,3.7,-1.7,0
1,1,1,9003,1,1,120.0,1,1,1,4,4,130.0,0,0,0,1,0,0,19,0,0,6,8,6,13.5,0,0,6,10,4,11.5,0,13.9,-0.3,0.79,1
1,17,1,9147,1,1,125.0,1,38,37,7,7,115.0,1,0,0,1,0,0,20,0,0,5,7,2,11.0,0,0,5,8,1,10.0,0,7.6,2.6,0.32,0
1,39,1,9500,1,19,133.1,1,1,3,2,2,100.0,0,0,1,1,1,0,24,0,0,7,21,0,0.0,3,0,7,7,0,0.0,0,16.2,0.3,-0.92,0
1,43,1,9119,1,1,128.0,1,1,38,4,7,100.0,0,0,0,1,1,0,19,0,0,5,8,5,12.0,0,0,5,12,2,10.5,0,13.9,-0.3,0.79,1
1,1,1,9085,1,1,120.0,1,4,1,2,9,113.4,0,0,0,1,0,0,18,0,0,6,14,4,11.5,0,0,6,17,3,13.75,0,11.1,0.6,2.02,1
1,39,1,9991,0,1,140.0,1,1,37,9,8,154.5,0,0,0,1,0,0,26,0,0,1,2,0,0.0,0,0,5,8,0,0.0,0,16.2,0.3,-0.92,0
1,1,2,9070,1,1,129.0,1,1,1,4,9,132.9,1,0,0,1,1,1,20,0,0,6,9,6,11.375,0,0,6,6,5,13.8,0,7.6,2.6,0.32,1
1,1,1,9238,1,1,122.0,1,19,19,193,194,112.6,0,0,0,1,0,0,19,0,0,6,0,0,0.0,0,0,6,0,0,0.0,0,12.4,0.5,1.79,0
1,39,1,9130,1,1,150.0,1,19,19,9,5,160.0,1,0,0,1,1,0,24,0,0,5,13,4,13.75,1,0,5,9,3,12.0,0,9.4,-0.8,-3.12,1
1,39,1,9147,1,1,133.1,41,38,38,9,8,134.8,0,0,0,1,0,0,24,1,0,5,12,2,10.5,0,0,5,9,4,10.0,2,16.2,0.3,-0.92,1
1,43,2,9670,1,1,129.0,1,3,3,5,5,122.4,1,0,0,1,0,0,19,0,0,5,5,4,13.75,0,0,6,9,5,12.6,0,12.7,3.7,-1.7,1
1,39,1,9670,1,12,133.1,1,1,19,1,5,100.0,1,0,1,0,0,0,25,0,0,5,5,5,11.2,0,0,5,5,4,11.25,0,9.4,-0.8,-3.12,0
1,17,1,9119,1,1,130.0,1,19,19,7,9,121.3,1,0,0,1,1,0,18,0,0,5,9,1,12.0,0,0,5,10,2,12.0,3,7.6,2.6,0.32,0
1,17,5,9070,1,1,122.0,1,19,38,5,7,119.6,0,0,1,0,0,0,21,0,0,6,6,4,13.0,0,0,6,8,4,11.6,0,10.8,1.4,1.74,0
1,18,1,9147,1,1,119.0,1,37,37,7,7,112.0,1,0,0,0,1,0,20,0,0,5,5,0,0.0,0,0,5,0,0,0.0,0,9.4,-0.8,-3.12,0
1,39,1,9991,0,1,120.0,1,37,37,6,6,110.0,0,0,1,0,0,0,23,0,0,5,8,0,0.0,0,0,5,7,0,0.0,0,12.4,0.5,1.79,0
1,1,1,9119,1,1,132.0,1,1,1,4,5,128.0,1,0,0,1,1,0,19,0,0,6,14,2,11.0,0,0,6,12,4,11.75,0,11.1,0.6,2.02,1
1,17,1,9238,1,1,120.0,1,1,38,5,7,130.0,1,0,0,1,0,0,20,0,0,6,10,4,10.0,0,0,6,12,3,11.0,0,7.6,2.6,0.32,1
1,39,1,9991,0,1,133.1,1,37,37,9,9,125.0,0,0,0,1,1,0,24,0,0,5,5,0,0.0,0,0,5,5,0,0.0,0,13.9,-0.3,0.79,0
1,1,2,9070,1,1,129.0,1,1,1,4,4,135.0,1,0,0,1,0,0,19,0,0,6,11,5,12.0,0,0,6,13,5,12.5,0,7.6,2.6,0.32,1
1,43,1,9003,1,1,120.0,1,3,3,1,2,118.0,0,0,0,1,1,0,21,0,0,6,13,1,11.0,0,0,6,10,2,10.5,0,16.2,0.3,-0.92,1
1,1,2,9773,1,1,133.1,1,19,19,9,9,120.0,1,0,0,1,0,1,20,0,0,6,8,4,12.0,0,0,6,7,5,13.0,0,15.5,2.8,-4.06,1
1,17,1,9254,1,1,130.0,1,19,37,4,7,125.0,1,0,0,1,0,0,18,0,0,6,12,4,11.5,0,0,6,14,3,11.0,0,10.8,1.4,1.74,1
1,39,1,9991,0,1,120.0,1,37,37,6,6,130.0,0,0,0,1,0,0,26,0,0,5,6,0,0.0,0,0,5,6,0,0.0,0,12.7,3.7,-1.7,0
1,1,1,9119,1,1,140.0,1,1,1,4,5,135.0,1,0,0,1,1,0,22,0,0,5,10,3,11.0,0,0,6,11,4,12.0,0,11.1,0.6,2.02,1
1,17,1,9147,1,1,130.0,1,1,38,4,5,140.0,1,0,0,1,0,0,19,0,0,5,11,1,10.0,0,0,5,13,0,0.0,0,10.8,1.4,1.74,1
1,43,1,9773,1,1,128.0,1,1,1,9,6,115.0,0,0,1,0,1,0,20,0,0,6,10,4,11.0,0,0,6,11,3,12.0,0,16.2,0.3,-0.92,1
1,39,1,9991,0,1,120.0,1,37,37,6,6,118.0,0,0,0,1,1,0,25,0,0,5,10,3,10.5,0,0,5,8,2,11.0,0,15.5,2.8,-4.06,0
1,17,1,9238,1,1,145.0,1,1,38,5,8,135.0,1,0,0,1,0,1,18,0,0,6,13,5,12.0,0,0,6,10,6,12.5,0,12.7,3.7,-1.7,1
1,1,2,9147,1,1,125.0,1,1,38,4,5,110.0,1,0,0,1,1,0,21,0,0,5,8,3,11.0,0,0,5,9,3,11.0,0,15.5,2.8,-4.06,1
1,1,1,9130,1,1,150.0,1,4,5,2,2,125.0,1,0,0,1,0,0,21,0,0,5,12,1,11.0,2,0,5,9,0,0.0,3,10.8,1.4,1.74,1
1,39,1,9003,1,1,133.1,1,37,37,9,9,115.0,0,0,0,1,1,0,22,0,0,6,10,3,11.0,0,0,6,10,3,11.0,0,12.4,0.5,1.79,1
1,1,1,9670,1,1,120.0,1,1,1,9,9,110.0,1,0,1,0,0,0,20,0,0,6,5,2,10.0,0,0,6,7,3,11.0,0,10.8,1.4,1.74,0
1,43,1,9500,1,1,140.0,1,37,37,9,9,130.0,1,0,0,1,0,0,21,0,0,7,14,6,11.5,0,0,7,13,5,12.0,0,13.9,-0.3,0.79,1
1,39,1,9147,1,1,133.1,1,37,19,9,9,120.0,0,0,0,1,1,0,24,0,0,5,11,3,11.0,0,0,5,12,4,12.0,0,7.6,2.6,0.32,1
1,17,1,9254,1,1,130.0,1,37,37,5,7,125.0,1,0,0,1,1,0,19,0,0,6,13,5,12.0,0,0,6,14,4,12.5,0,10.8,1.4,1.74,1
1,39,1,9670,1,1,125.0,1,37,37,9,9,110.0,0,0,1,0,1,0,23,0,0,6,7,4,10.0,0,0,6,6,3,11.0,0,7.6,2.6,0.32,0
1,1,1,9070,1,1,120.0,1,1,1,9,9,115.0,1,0,0,1,1,0,19,0,0,6,8,5,12.0,0,0,6,9,4,12.0,0,10.8,1.4,1.74,1
1,17,1,9853,1,1,138.0,1,3,3,4,5,128.0,1,0,0,1,0,0,18,0,0,7,8,7,14.85,0,0,8,8,8,15.2,0,13.9,-0.3,0.79,0
1,39,1,9003,1,1,133.1,1,37,37,9,9,115.0,0,0,1,0,1,0,22,0,0,6,10,3,11.0,0,0,6,10,3,11.0,0,12.4,0.5,1.79,1
1,1,1,9119,1,1,130.0,1,37,19,9,5,135.0,1,0,0,1,1,0,20,0,0,5,5,0,0.0,0,0,5,0,0,0.0,0,9.4,-0.8,-3.12,0
1,17,1,9147,1,1,126.0,1,37,37,4,7,116.9,0,0,0,1,1,1,19,0,0,5,12,3,11.666666666666666,0,0,5,10,3,11.666666666666666,0,12.7,3.7,-1.7,1
1,39,1,9130,1,1,133.1,1,34,34,99,99,100.0,0,0,0,1,1,0,30,0,0,5,5,0,0.0,0,0,5,5,0,0.0,0,7.6,2.6,0.32,0
1,1,1,9670,1,1,130.0,1,37,38,9,9,120.0,1,0,1,0,0,0,18,0,0,6,7,4,11.25,0,0,6,9,4,10.857142857142858,0,10.8,1.4,1.74,0
1,39,1,9254,1,1,133.1,1,1,1,9,6,105.0,1,0,1,0,0,0,24,0,0,6,14,6,11.285714285714286,0,0,6,16,3,10.333333333333334,0,8.9,1.4,3.51,0
1,17,1,9119,1,1,130.0,1,37,19,9,5,140.2,1,0,0,1,1,0,20,0,0,5,5,0,0.0,0,0,5,0,0,0.0,0,9.4,-0.8,-3.12,0
1,39,1,9670,1,1,148.0,1,19,19,7,7,130.9,0,0,1,0,1,0,24,0,0,6,12,0,0.0,0,0,6,9,0,0.0,0,10.8,1.4,1.74,0
1,39,1,9147,1,38,133.1,1,19,37,9,9,110.0,0,0,0,0,1,0,25,0,0,5,5,0,0.0,0,0,5,0,0,0.0,0,12.7,3.7,-1.7,0
1,1,1,9130,1,1,120.0,1,37,37,9,6,115.0,0,0,0,1,1,0,21,0,0,6,10,2,11.0,0,0,6,11,2,10.0,0,16.2,0.3,-0.92,0
1,39,1,8014,0,1,133.1,1,37,37,9,9,98.0,1,0,1,1,0,0,28,0,0,6,8,0,0.0,0,0,5,0,0,0.0,0,7.6,2.6,0.32,0
1,1,1,9670,1,1,120.0,1,37,37,7,7,120.0,0,0,0,1,1,0,20,0,0,6,10,6,13.0,0,0,6,10,5,12.0,0,15.5,2.8,-4.06,1
1,39,1,9147,1,1,130.0,1,1,37,9,9,110.0,0,0,0,1,1,0,22,0,0,5,5,0,0.0,0,0,5,5,0,0.0,0,11.1,0.6,2.02,1
1,39,1,9003,1,1,133.1,1,37,37,9,9,140.0,0,0,0,1,1,0,23,0,0,6,12,3,13.0,0,0,6,13,3,12.0,0,15.5,2.8,-4.06,1
1,1,1,9500,1,1,120.0,1,37,37,7,7,118.0,1,0,0,1,1,0,19,0,0,7,10,5,12.0,0,0,7,11,4,12.0,0,12.7,3.7,-1.7,1
1,39,1,9556,1,1,133.1,1,37,37,9,9,105.0,0,0,1,1,0,0,27,0,0,7,10,6,11.0,0,0,8,9,8,13.0,0,15.5,2.8,-4.06,0
1,39,1,9147,1,1,130.0,1,37,37,9,9,115.0,0,0,0,1,1,0,24,0,0,5,5,0,0.0,0,0,5,0,0,0.0,0,9.4,-0.8,-3.12,1
1,39,1,9991,0,1,130.0,1,37,37,9,9,145.0,0,0,0,1,1,0,29,0,0,5,8,4,11.0,0,0,5,7,5,12.0,0,16.2,0.3,-0.92,0
1,1,1,9070,1,1,120.0,1,1,1,7,7,120.0,0,0,0,1,1,0,21,0,0,6,8,4,11.0,0,0,6,9,0,0.0,0,15.5,2.8,-4.06,1
1,39,1,9003,1,1,133.1,1,37,37,9,9,135.0,0,0,0,1,1,0,26,0,0,6,14,2,11.0,0,0,6,15,3,13.0,0,15.5,2.8,-4.06,1
1,1,1,9500,1,1,120.0,1,37,37,7,7,115.0,1,0,0,1,1,0,19,0,0,8,10,5,12.0,0,0,8,10,5,12.0,0,12.7,3.7,-1.7,1
1,39,1,8014,0,1,133.1,1,37,37,9,9,100.0,0,0,0,1,0,0,30,0,0,6,10,0,0.0,0,0,6,0,0,0.0,0,7.6,2.6,0.32,0
1,1,1,9238,1,1,120.0,1,1,1,5,5,120.0,0,0,0,1,1,0,20,0,0,6,13,1,14.0,0,0,6,10,4,12.0,0,16.2,0.3,-0.92,1
1,39,1,9991,0,1,130.0,1,37,37,9,9,140.0,0,0,0,1,0,0,25,0,0,5,10,4,11.0,0,0,5,9,2,12.0,0,10.8,1.4,1.74,0
1,39,1,9003,1,1,133.1,1,4,1,2,4,118.0,0,0,0,1,1,0,24,0,0,3,4,0,0.0,0,0,3,5,0,0.0,0,16.2,0.3,-0.92,1
1,1,1,9085,1,1,135.0,1,19,38,9,5,137.0,1,0,0,1,0,0,19,0,0,5,11,5,14.0,3,0,5,7,5,11.6,0,9.4,-0.8,-3.12,1
1,39,1,9254,1,1,160.0,1,19,37,7,10,100.0,0,0,0,1,1,0,25,0,0,6,7,6,12.0,0,0,6,8,5,10.8,0,12.7,3.7,-1.7,0
1,1,1,9500,1,1,141.0,1,3,1,9,9,124.3,0,0,0,1,0,0,19,0,0,8,8,7,14.514285714285714,0,0,8,8,7,14.514285714285714,0,12.7,3.7,-1.7,1
1,1,1,9238,1,1,107.0,1,19,37,7,7,103.5,1,0,0,1,0,0,20,0,0,6,13,3,11.2,0,0,6,9,4,12.0,0,16.2,0.3,-0.92,1
1,39,1,9085,1,19,133.1,1,37,37,4,8,140.0,0,0,0,1,0,0,35,0,0,6,11,3,12.666666666666666,0,0,6,7,0,0.0,0,11.1,0.6,2.02,0
1,1,3,9070,1,1,146.0,1,34,34,0,0,143.6,1,0,0,1,0,0,18,0,0,6,6,6,12.5,0,0,6,6,6,13.0,0,7.6,2.6,0.32,1
1,1,2,9670,1,1,143.0,1,37,37,9,7,131.8,1,0,0,1,0,1,18,0,0,6,8,6,13.571428571428571,0,0,6,6,5,12.8,0,12.4,0.5,1.79,1
1,17,1,9119,1,1,142.0,1,19,38,9,7,127.3,0,0,0,1,1,0,18,0,0,5,10,3,11.0,0,0,5,6,3,11.0,1,16.2,0.3,-0.92,1
1,39,1,9991,0,1,133.1,1,37,37,9,9,109.7,0,0,0,1,0,0,29,0,0,5,0,0,0.0,0,0,5,0,0,0.0,0,16.2,0.3,-0.92,0
1,1,5,9853,1,1,128.0,1,38,37,9,9,120.3,1,0,1,0,0,0,20,0,0,6,9,3,11.666666666666666,0,0,6,10,2,11.0,0,10.8,1.4,1.74,1
1,17,1,9003,1,1,170.0,1,1,4,9,5,144.1,1,0,1,0,1,0,26,0,0,6,8,0,0.0,0,0,6,10,0,0.0,0,16.2,0.3,-0.92,1
1,17,2,9147,1,1,116.0,1,1,38,4,3,114.6,1,0,0,1,0,0,19,0,0,5,15,2,10.75,0,0,5,11,2,10.0,0,13.9,-0.3,0.79,0
1,1,1,9254,1,1,128.0,1,19,19,7,8,120.0,1,0,1,0,0,0,20,0,0,6,6,6,14.5,0,0,6,7,5,15.0,0,12.4,0.5,1.79,1
1,1,4,9147,1,1,146.0,1,3,1,3,10,138.7,0,0,0,1,1,0,18,0,0,5,0,0,0.0,0,0,5,0,0,0.0,0,8.9,1.4,3.51,1
1,17,1,9147,1,1,125.0,1,19,1,9,9,110.0,0,0,1,0,1,0,21,0,0,6,0,0,0.0,0,0,6,0,0,0.0,0,7.6,2.6,0.32,0
1,39,1,9670,1,1,133.1,1,37,37,9,9,105.0,0,0,0,1,0,1,24,0,0,6,10,3,11.5,0,0,6,11,3,11.0,0,12.4,0.5,1.79,1
1,1,1,9070,1,1,135.0,1,19,38,4,4,130.0,0,0,0,1,0,0,20,0,1,6,8,6,13.4,1,0,6,12,4,12.0,0,13.9,-0.3,0.79,1
1,44,1,9119,1,39,145.0,1,37,1,9,7,148.0,0,0,0,1,1,0,21,0,0,5,15,0,0.0,0,0,5,11,2,10.5,0,12.7,3.7,-1.7,1
1,1,3,9500,1,1,120.0,1,3,1,4,3,110.0,1,0,0,1,0,1,18,0,0,7,11,4,12.6,0,0,7,9,5,11.1,0,12.4,0.5,1.79,1
1,44,1,9003,1,39,148.0,1,3,19,2,6,145.0,0,0,0,1,1,0,20,0,0,6,6,0,0.0,0,0,6,8,0,0.0,0,15.5,2.8,-4.06,1
1,43,1,9254,1,6,135.0,1,34,34,0,0,135.0,1,0,0,1,1,0,20,0,0,6,10,4,11.5,0,0,6,11,3,11.6,0,7.6,2.6,0.32,0
1,17,1,9853,1,1,110.0,1,19,1,5,5,108.0,0,0,0,1,0,0,20,0,0,6,0,0,0.0,0,0,6,0,0,0.0,0,15.5,2.8,-4.06,0
2,7,1,9147,1,3,115.0,1,19,1,9,9,112.0,0,0,0,1,0,0,33,0,5,8,10,6,12.8,0,2,5,8,4,12.0,0,11.1,0.6,2.02,1
1,39,1,9991,0,19,133.1,1,37,37,9,6,100.0,0,0,1,1,0,0,28,0,0,5,14,2,10.5,0,0,5,6,0,0.0,0,12.4,0.5,1.79,0
1,44,1,9070,1,39,120.0,1,37,1,9,7,120.0,0,0,0,1,1,0,20,0,2,7,9,5,12.6,0,5,9,10,8,12.7,1,16.2,0.3,-0.92,1
1,39,1,9991,0,40,135.0,1,19,1,3,4,150.0,1,0,0,1,0,0,27,0,0,5,0,0,0.0,0,0,5,0,0,0.0,0,8.9,1.4,3.51,0
2,39,1,9773,1,19,133.1,1,37,37,9,6,115.0,0,0,0,0,0,0,53,0,0,5,5,0,0.0,0,0,4,5,0,0.0,0,15.5,2.8,-4.06,0
1,39,1,9670,1,1,133.1,1,37,37,9,9,102.0,1,0,0,0,0,0,26,0,0,6,9,3,11.7,0,0,6,11,4,11.5,3,16.2,0.3,-0.92,1
1,39,1,33,1,1,133.1,1,19,37,9,9,98.0,0,0,0,1,1,0,25,0,0,7,13,2,15.0,0,0,7,12,2,11.5,0,12.4,0.5,1.79,0
1,1,1,9773,1,1,118.0,1,38,37,9,9,110.0,1,1,0,1,0,0,19,0,0,6,11,4,12.2,0,0,6,11,3,11.0,0,7.6,2.6,0.32,1
1,1,1,9003,1,1,120.0,1,38,37,9,9,110.0,0,0,0,1,0,0,23,0,0,5,6,3,11.0,0,0,5,7,2,10.5,0,10.8,1.4,1.74,0
1,1,1,9130,1,1,110.0,1,37,37,9,9,115.0,1,0,0,1,0,0,20,0,0,6,12,4,13.0,0,0,6,11,5,12.0,0,7.6,2.6,0.32,1
1,1,2,9773,1,1,130.0,1,3,19,2,3,125.0,1,0,0,1,0,0,19,0,0,6,10,5,12.5,0,0,6,10,4,12.0,0,10.8,1.4,1.74,1
1,1,1,9254,1,1,120.0,1,38,19,9,5,118.0,1,0,0,1,0,0,22,0,0,6,10,6,11.0,0,0,6,10,5,11.5,0,7.6,2.6,0.32,1
1,5,1,9853,1,1,125.0,1,1,38,5,8,120.0,1,0,0,1,0,0,21,0,0,6,11,3,14.0,0,0,6,11,4,10.5,0,9.4,-0.8,-3.12,1
1,17,1,9853,1,1,110.0,1,19,1,5,5,110.0,0,0,0,1,0,0,19,0,0,6,0,0,0.0,0,0,6,0,0,0.0,0,15.5,2.8,-4.06,0
1,1,4,9773,1,1,140.0,1,1,3,4,7,130.0,1,0,0,1,0,0,20,0,0,4,4,0,0.0,0,0,6,0,0,0.0,0,8.9,1.4,3.51,0
1,1,1,9670,1,1,120.0,1,1,19,4,10,116.0,1,0,0,1,0,0,18,0,0,6,8,4,11.0,0,0,6,9,4,11.0,0,10.8,1.4,1.74,1
1,43,1,9254,1,1,135.0,1,37,37,9,9,134.0,1,0,1,1,0,0,20,0,0,6,13,2,11.0,0,0,6,13,1,11.0,0,7.6,2.6,0.32,0
1,1,1,9147,1,1,130.0,1,38,37,9,9,125.0,1,0,0,1,1,0,22,0,0,5,9,0,0.0,0,0,5,5,1,12.0,0,7.6,2.6,0.32,0
1,1,1,9853,1,1,130.0,1,38,37,6,6,139.0,0,0,0,1,0,0,19,0,0,6,8,6,12.0,0,0,6,10,4,11.5,0,7.6,2.6,0.32,0
1,1,1,9147,1,1,135.0,1,19,38,9,7,120.0,0,0,0,0,1,0,19,0,0,5,16,1,12.0,0,0,5,6,0,0.0,0,13.9,-0.3,0.79,0
1,1,3,9773,1,1,120.0,1,38,19,7,7,112.0,1,0,1,0,0,0,19,0,0,6,7,6,12.0,0,0,6,10,2,10.0,0,16.2,0.3,-0.92,0
2,39,1,9991,0,1,135.0,1,37,37,6,3,140.0,0,0,1,1,1,0,37,0,0,5,10,4,11.0,0,0,5,12,3,13.0,0,9.4,-0.8,-3.12,0
1,51,1,9556,1,1,132.0,1,1,37,152,193,127.0,1,0,0,1,1,0,23,0,0,7,11,5,12.0,0,0,7,13,2,13.0,0,8.9,1.4,3.51,1
1,17,2,9254,1,1,120.0,1,19,19,5,7,122.0,0,0,0,1,1,1,18,0,0,6,12,3,11.0,0,0,6,9,4,12.0,0,15.5,2.8,-4.06,1
1,43,1,9003,1,1,120.0,1,3,3,1,2,110.0,0,0,1,0,1,0,21,0,0,6,4,2,8.5,0,0,6,5,2,9.0,0,16.2,0.3,-0.92,0
1,1,1,9670,1,1,130.0,1,19,37,5,7,125.0,1,0,0,1,0,0,19,0,0,6,10,6,14.0,0,0,6,11,6,13.5,0,11.1,0.6,2.02,1
1,43,1,9254,1,6,135.0,1,34,34,0,0,135.0,1,0,0,1,1,0,20,0,0,6,9,4,11.0,0,0,6,10,3,11.0,0,7.6,2.6,0.32,0
2,43,3,9991,0,1,118.0,1,37,37,9,9,126.0,1,0,0,1,1,0,31,0,0,5,4,0,0.0,0,0,5,5,0,0.0,0,7.6,2.6,0.32,0
1,39,1,9991,0,1,128.0,1,1,1,4,2,125.0,0,0,1,1,1,0,24,0,0,5,3,3,10.0,0,0,5,4,4,11.0,0,12.4,0.5,1.79,0
1,7,1,9085,1,3,128.0,1,1,19,9,10,127.0,0,0,0,1,0,0,35,0,0,6,0,0,0.0,0,0,6,0,0,0.0,0,15.5,2.8,-4.06,0
1,39,1,9991,0,1,125.0,1,1,1,4,10,113.0,0,0,1,1,1,0,23,0,0,5,4,4,11.5,0,0,5,5,5,12.0,0,12.4,0.5,1.79,1
1,43,1,9500,1,1,138.0,100,1,1,6,6,125.0,0,0,0,1,0,0,38,1,0,7,0,0,0.0,0,0,8,0,0,0.0,0,12.7,3.7,-1.7,0
1,18,1,9853,1,1,120.0,1,19,19,9,7,115.0,1,0,0,1,0,0,18,0,0,6,0,0,0.0,0,0,6,0,0,0.0,0,11.1,0.6,2.02,0
1,1,1,9238,1,1,130.0,1,37,19,5,10,118.0,0,0,1,1,0,0,19,0,0,6,8,5,10.0,0,0,6,12,2,10.5,0,7.6,2.6,0.32,1
1,1,1,9254,1,1,131.0,1,38,1,9,9,118.0,0,0,1,0,1,0,20,0,0,6,7,5,11.5,0,0,6,8,5,10.5,0,8.9,1.4,3.51,0
1,17,1,9853,1,1,118.0,1,37,37,9,10,120.0,0,0,0,1,0,0,19,0,0,6,7,3,12.0,0,0,6,9,2,10.0,0,12.7,3.7,-1.7,0
1,39,1,9500,1,1,102.0,1,3,1,2,5,119.0,1,0,0,1,0,0,33,0,0,8,10,7,11.0,0,0,8,10,7,11.0,0,10.8,1.4,1.74,1
4,39,1,9003,1,1,135.0,1,37,37,9,8,148.0,0,0,0,1,1,0,27,0,0,6,11,5,11.5,0,0,6,9,6,12.0,0,11.1,0.6,2.02,1
1,17,2,9147,1,1,120.0,1,1,38,4,7,113.0,1,0,0,1,0,1,17,0,0,5,8,3,12.5,0,0,5,10,3,10.5,0,8.9,1.4,3.51,1
1,1,1,9130,1,1,124.0,1,19,1,9,9,120.0,1,0,0,0,0,0,24,0,0,5,13,4,13.0,2,0,5,9,4,13.5,0,9.4,-0.8,-3.12,0
1,1,1,9147,1,1,125.0,1,1,1,4,4,118.0,0,0,0,1,1,0,20,0,0,6,6,2,10.5,0,0,6,7,1,11.0,0,7.6,2.6,0.32,1
1,39,1,9119,1,1,133.1,1,37,37,9,9,122.0,0,0,0,1,1,0,23,0,0,5,9,3,11.0,0,0,5,10,2,10.0,0,16.2,0.3,-0.92,1
1,17,1,9147,1,1,120.0,1,37,37,9,9,115.0,0,0,1,0,1,0,19,0,0,5,7,3,10.0,0,0,5,8,3,10.5,0,8.9,1.4,3.51,0
1,1,1,9070,1,1,132.0,1,1,1,4,9,130.0,0,0,0,1,1,0,18,0,0,6,8,4,11.5,0,0,6,9,3,11.0,0,7.6,2.6,0.32,1
1,39,1,9238,1,1,140.0,1,37,37,9,9,110.0,1,0,1,0,1,0,27,0,0,6,10,4,10.0,0,0,6,6,0,0.0,0,13.9,-0.3,0.79,0
1,1,1,9147,1,1,130.0,1,1,1,4,4,115.0,0,0,0,1,1,0,19,0,0,5,7,3,11.0,0,0,5,8,3,11.5,0,10.8,1.4,1.74,1
1,1,1,9500,1,1,140.0,1,1,1,4,4,120.0,0,0,0,1,1,0,18,0,0,7,8,0,0.0,0,0,7,8,0,0.0,0,12.4,0.5,1.79,1
1,39,1,9119,1,1,133.1,1,37,37,9,9,118.0,0,0,0,1,1,0,24,0,0,5,6,4,10.0,0,0,5,7,3,10.5,0,10.8,1.4,1.74,1
1,1,1,9147,1,1,128.0,1,1,1,9,9,110.0,0,0,0,1,1,0,20,0,0,5,8,2,10.0,0,0,5,9,3,11.0,0,8.9,1.4,3.51,1
1,17,1,9070,1,1,118.0,1,1,1,4,4,112.0,0,0,0,1,0,0,19,0,0,6,7,3,11.0,0,0,6,8,3,11.5,0,9.4,-0.8,-3.12,0
1,1,1,9147,1,1,122.0,1,1,1,9,9,114.0,0,0,0,1,1,0,20,0,0,5,7,3,11.5,0,0,5,8,3,11.0,0,10.8,1.4,1.74,1
1,39,1,9238,1,1,150.0,1,37,37,9,9,130.0,0,0,1,0,1,0,28,0,0,6,7,0,0.0,0,0,6,7,0,0.0,0,12.7,3.7,-1.7,0
1,1,1,9147,1,1,125.0,1,1,1,4,4,119.0,0,0,0,1,1,0,21,0,0,5,9,2,10.5,0,0,5,10,3,11.0,0,7.6,2.6,0.32,1
1,1,1,9070,1,1,135.0,1,1,1,4,9,135.0,0,0,0,1,1,0,18,0,0,6,7,4,11.0,0,0,6,9,3,11.5,0,13.9,-0.3,0.79,1
1,39,1,9119,1,1,133.1,1,37,37,9,9,115.0,0,0,0,1,1,0,26,0,0,5,8,3,10.0,0,0,5,9,3,10.5,0,12.7,3.7,-1.7,1
1,17,1,9147,1,1,120.0,1,37,37,9,9,110.0,1,0,1,0,1,0,20,0,0,5,6,3,11.0,0,0,5,7,2,10.0,0,10.8,1.4,1.74,0
1,39,1,9003,1,1,130.0,1,37,37,9,9,115.0,0,0,1,0,1,0,26,0,0,6,0,0,0.0,0,0,6,0,0,0.0,0,10.8,1.4,1.74,0
1,1,1,9670,1,1,120.0,1,38,37,9,9,125.0,1,0,0,1,0,0,23,0,0,5,10,4,11.5,0,0,5,11,3,12.0,0,7.6,2.6,0.32,1
1,39,1,9147,1,1,130.0,1,37,37,9,9,110.0,0,0,0,1,0,0,21,0,0,6,8,4,10.0,0,0,6,9,3,11.0,0,15.5,2.8,-4.06,1
1,17,1,9853,1,1,120.0,1,37,37,9,9,120.0,1,0,0,1,0,0,20,0,0,6,0,0,0.0,0,0,6,0,0,0.0,0,11.1,0.6,2.02,0
1,39,1,9003,1,1,130.0,1,19,1,9,6,120.0,0,0,0,1,1,0,25,0,0,6,10,5,12.0,0,0,6,12,3,11.0,0,16.2,0.3,-0.92,1
1,1,1,9991,0,1,131.0,1,19,37,9,9,115.0,1,0,0,1,0,0,22,0,0,5,7,0,0.0,0,0,5,0,0,0.0,0,7.6,2.6,0.32,0
1,44,1,9003,1,39,120.0,1,38,19,3,5,125.0,0,0,0,1,1,0,23,0,0,6,6,0,0.0,0,0,6,8,0,0.0,0,15.5,2.8,-4.06,1
1,39,1,9085,1,1,130.0,1,34,1,0,2,128.2,0,0,0,1,1,0,25,0,0,5,5,0,0.0,0,0,5,5,0,0.0,0,7.6,2.6,0.32,0
1,39,1,9119,1,19,120.0,1,37,37,9,4,98.6,0,0,1,0,1,0,28,0,0,5,10,0,0.0,0,0,5,7,0,0.0,0,12.4,0.5,1.79,0
1,1,2,9147,1,1,140.0,1,19,19,9,4,127.8,1,0,0,1,1,0,23,0,0,5,7,3,10.666666666666666,1,0,5,7,3,11.333333333333334,0,9.4,-0.8,-3.12,0
2,39,1,9147,1,1,130.0,1,37,37,9,9,117.9,0,0,0,1,0,0,35,0,0,1,1,0,0.0,1,0,5,0,0,0.0,0,10.8,1.4,1.74,0
1,42,1,9853,1,1,120.0,1,37,38,3,3,113.7,0,0,0,1,0,0,20,0,0,6,8,5,11.0,0,0,6,10,3,10.666666666666666,0,12.7,3.7,-1.7,0
1,1,1,9670,1,1,113.0,1,37,19,9,9,110.2,1,0,0,1,0,0,22,0,0,5,7,3,12.666666666666666,0,0,5,6,4,12.0,0,7.6,2.6,0.32,1
1,17,5,9670,1,1,115.0,1,1,19,5,5,117.1,0,0,0,1,0,0,21,0,0,5,7,3,12.666666666666666,0,0,5,6,4,12.75,1,7.6,2.6,0.32,1
2,39,1,9147,1,1,130.0,1,37,37,9,9,142.5,0,0,0,1,0,0,39,0,0,5,8,4,11.25,0,0,5,8,4,11.5,0,11.1,0.6,2.02,1
1,39,1,9119,1,1,130.0,1,37,37,4,7,120.0,0,0,0,1,0,0,21,0,0,5,6,3,11.0,0,0,5,6,2,10.5,0,12.4,0.5,1.79,1
2,1,1,9119,1,1,120.0,1,1,1,4,4,110.0,0,0,1,1,1,0,20,0,0,6,0,0,0.0,0,0,6,0,0,0.0,0,10.8,1.4,1.74,0
1,17,1,9147,1,1,130.0,1,19,19,3,3,115.0,0,0,0,1,0,0,19,0,0,5,10,4,12.0,0,0,5,10,3,11.0,0,12.4,0.5,1.79,1
1,39,1,9773,1,1,120.0,1,37,37,6,6,125.0,0,0,0,1,0,0,25,0,0,6,7,5,13.0,0,0,6,8,5,13.5,0,13.9,-0.3,0.79,1
1,1,1,9670,1,1,120.0,1,1,1,4,4,118.0,0,0,0,1,0,0,19,0,0,6,8,4,11.5,0,0,6,8,4,12.0,0,12.4,0.5,1.79,1
1,1,1,9147,1,1,135.0,1,19,19,3,3,130.0,0,0,0,1,1,0,22,0,0,5,9,3,12.5,0,0,5,10,3,11.0,0,12.4,0.5,1.79,1
1,17,1,9119,1,1,120.0,1,37,37,4,4,120.0,0,0,0,1,1,0,20,0,0,5,7,4,13.0,0,0,5,7,4,12.0,0,10.8,1.4,1.74,1
1,1,1,9670,1,1,125.0,1,37,37,9,9,110.0,0,0,1,1,0,0,18,0,0,6,6,5,11.0,0,0,6,6,5,12.0,0,12.4,0.5,1.79,0
1,39,1,9991,0,1,130.0,1,37,37,9,9,140.0,0,0,0,1,0,0,30,0,0,5,6,3,10.0,0,0,5,6,3,10.0,0,13.9,-0.3,0.79,1
1,39,1,9147,1,1,140.0,1,37,37,6,6,135.0,0,0,0,1,0,0,35,0,0,5,6,4,12.5,0,0,5,6,4,12.0,0,10.8,1.4,1.74,1
1,1,5,9670,1,1,120.0,1,4,1,4,10,110.0,0,0,1,1,0,0,18,0,0,6,10,4,11.0,0,0,6,11,5,12.0,0,8.9,1.4,3.51,1
1,39,1,9500,1,1,133.1,1,1,37,9,9,105.0,0,0,0,1,1,0,28,0,0,7,11,3,11.5,0,0,7,17,0,0.0,0,16.2,0.3,-0.92,1
1,18,2,9147,1,1,115.0,1,1,37,5,5,110.0,0,0,0,1,0,0,21,0,0,5,8,3,11.0,1,0,5,9,3,11.0,0,9.4,-0.8,-3.12,1
1,17,1,9670,1,1,132.0,1,38,37,9,9,125.0,0,0,0,1,1,0,20,0,0,6,6,6,11.0,0,0,6,9,2,12.0,0,10.8,1.4,1.74,1
2,39,1,9670,1,1,130.0,1,37,37,9,0,155.0,0,0,1,0,0,0,34,0,0,6,7,4,13.0,0,0,6,6,0,0.0,6,12.7,3.7,-1.7,0
1,1,1,9119,1,1,160.0,1,37,37,9,6,150.0,0,0,0,1,1,0,19,0,0,5,7,1,12.5,0,0,5,7,2,10.0,0,9.4,-0.8,-3.12,1
1,1,1,9500,1,1,128.0,1,37,37,9,9,115.0,0,0,0,1,0,0,20,0,0,7,8,5,12.0,0,0,7,8,5,12.0,0,12.7,3.7,-1.7,1
1,17,1,9003,1,1,120.0,1,38,38,9,9,110.0,0,0,0,1,0,0,22,0,0,6,6,0,0.0,0,0,6,7,0,0.0,0,13.9,-0.3,0.79,0
1,18,1,9500,1,1,133.0,1,3,1,3,4,123.0,1,0,0,1,0,0,21,0,0,7,7,7,13.0,0,0,7,7,7,12.5,0,15.5,2.8,-4.06,1
1,1,1,9238,1,1,130.0,1,37,37,9,9,118.0,0,0,0,1,0,0,19,0,0,6,10,3,11.0,0,0,6,11,4,11.5,0,16.2,0.3,-0.92,1
1,39,1,9003,1,1,133.1,1,37,37,9,7,115.0,0,0,1,0,0,0,27,0,0,6,6,0,0.0,0,0,6,7,0,0.0,0,13.9,-0.3,0.79,0
1,1,1,9500,1,1,130.0,1,37,37,7,7,120.0,0,0,0,1,1,0,20,0,0,7,8,0,0.0,1,0,7,7,0,0.0,0,13.9,-0.3,0.79,1
1,17,1,9670,1,1,125.0,1,1,1,4,90,125.0,1,0,0,1,1,0,19,0,0,5,6,3,13.333333333333334,0,0,5,5,1,11.0,0,7.6,2.6,0.32,1
1,1,1,9773,1,1,127.0,1,5,3,4,4,122.8,1,0,0,1,1,0,20,0,0,6,7,6,12.166666666666666,0,0,6,9,3,12.0,0,12.4,0.5,1.79,1
2,51,1,9853,1,1,130.0,1,37,37,7,8,120.3,0,0,0,1,0,0,35,0,0,7,7,0,0.0,0,0,6,0,0,0.0,0,8.9,1.4,3.51,0
1,5,1,9085,1,1,150.0,1,1,1,4,4,139.4,0,0,0,1,0,0,18,0,0,5,9,3,12.0,1,0,5,6,4,13.0,0,7.6,2.6,0.32,1
1,1,2,9500,1,1,133.1,1,19,38,192,192,96.0,1,0,0,1,0,0,19,0,0,7,10,6,13.598333333333334,0,0,8,11,6,11.933333333333332,0,11.1,0.6,2.02,1
1,7,1,9238,1,3,130.0,1,1,1,4,10,125.1,0,0,1,0,0,0,27,0,0,6,8,0,0.0,0,0,5,6,0,0.0,0,16.2,0.3,-0.92,0
1,17,6,9556,1,1,122.0,1,1,1,4,5,117.1,1,0,0,1,0,0,19,0,0,7,12,5,12.1,0,0,7,0,0,0.0,0,13.9,-0.3,0.79,0
1,1,1,9147,1,1,118.0,1,1,2,10,10,117.3,1,0,0,1,0,0,19,0,0,5,9,4,12.25,0,0,5,10,4,12.0,0,8.9,1.4,3.51,1
1,1,3,9254,1,1,115.0,1,1,1,3,3,117.5,1,0,0,1,0,0,18,0,0,6,9,4,11.25,0,0,6,13,2,12.5,0,9.4,-0.8,-3.12,0
1,1,1,9238,1,1,135.0,1,19,38,7,5,121.0,0,0,0,1,0,0,20,0,0,6,13,1,10.0,0,0,6,13,1,13.0,0,9.4,-0.8,-3.12,1
1,39,1,9003,1,1,125.0,1,37,37,9,9,118.0,0,0,0,1,0,0,24,0,0,6,6,0,0.0,0,0,6,6,0,0.0,0,15.5,2.8,-4.06,0
1,39,1,9070,1,1,130.0,1,37,38,9,9,125.0,0,0,0,1,1,0,21,0,0,6,7,5,11.5,0,0,6,7,4,12.0,0,12.7,3.7,-1.7,1
1,1,1,9500,1,1,135.0,1,1,1,4,4,130.0,1,0,0,1,0,0,20,0,0,7,8,7,13.1,0,0,7,8,7,13.1,0,10.8,1.4,1.74,1
1,39,1,9670,1,1,110.0,1,1,1,9,9,105.0,0,0,0,1,0,0,25,0,0,6,0,0,0.0,0,0,6,0,0,0.0,0,15.5,2.8,-4.06,0
1,1,1,9238,1,1,130.0,1,38,19,9,9,120.0,0,0,0,1,0,0,19,0,0,6,10,4,11.0,0,0,6,10,4,11.5,0,7.6,2.6,0.32,1
1,39,1,9003,1,1,140.0,1,37,38,9,9,140.0,0,0,1,0,1,0,28,0,0,6,7,6,12.5,0,0,6,7,5,13.0,0,12.7,3.7,-1.7,0
1,1,1,9853,1,1,120.0,1,38,38,9,9,115.0,1,0,0,1,0,0,20,0,0,6,10,5,12.0,0,0,6,10,5,12.5,0,9.4,-0.8,-3.12,1
1,39,1,9003,1,1,125.0,1,37,37,9,9,120.0,0,0,0,1,1,0,23,0,0,6,0,0,0.0,0,0,6,0,0,0.0,0,11.1,0.6,2.02,0
1,39,1,9003,1,1,130.0,1,37,37,9,9,130.0,0,0,0,1,1,0,27,0,0,6,6,0,0.0,0,0,6,6,0,0.0,0,15.5,2.8,-4.06,0
1,17,1,9238,1,1,120.0,1,38,19,9,9,115.0,1,0,0,1,0,0,20,0,0,6,10,5,12.0,0,0,6,10,5,12.5,0,7.6,2.6,0.32,1
1,39,1,9670,1,1,130.0,1,37,38,9,9,120.0,0,0,0,1,1,0,24,0,0,6,6,0,0.0,0,0,6,6,0,0.0,0,15.5,2.8,-4.06,0
1,43,1,9500,1,1,125.0,1,3,4,2,4,122.0,0,0,0,1,1,0,19,0,0,7,10,5,12.5,0,0,7,10,3,11.0,0,16.2,0.3,-0.92,0
1,43,1,9991,0,1,150.0,1,37,37,9,9,105.0,1,0,0,1,0,0,25,0,0,5,5,0,0.0,0,0,5,5,0,0.0,0,7.6,2.6,0.32,0
1,17,1,9773,1,1,120.0,1,3,3,2,3,115.0,1,0,0,1,1,0,20,0,0,6,12,4,11.0,0,0,6,14,3,11.0,0,13.9,-0.3,0.79,0
1,44,1,9085,1,39,115.0,1,3,5,2,2,115.0,0,0,0,1,1,0,22,0,0,6,19,0,0.0,0,0,6,6,0,0.0,0,13.9,-0.3,0.79,0
1,39,1,8014,0,1,105.0,1,12,5,9,4,118.0,0,0,1,0,0,0,35,0,0,6,6,0,0.0,0,0,5,5,0,0.0,0,8.9,1.4,3.51,0
1,17,1,9254,1,1,130.0,1,1,1,4,8,128.0,1,0,0,0,1,0,21,0,0,1,1,0,0.0,0,0,6,0,0,0.0,0,12.4,0.5,1.79,0
1,1,1,9853,1,1,160.0,1,37,19,9,8,140.0,0,0,1,1,0,0,18,0,0,6,10,5,13.0,0,0,6,10,4,11.5,0,12.7,3.7,-1.7,0
1,43,1,9991,0,1,125.0,1,37,37,9,9,122.0,1,0,1,1,1,0,32,0,6,10,10,7,11.0,0,4,10,10,6,11.5,0,10.8,1.4,1.74,0
1,17,1,9085,1,1,120.0,1,19,37,1,3,130.0,0,0,0,1,0,0,20,0,0,5,10,0,0.0,1,0,5,9,2,13.0,0,7.6,2.6,0.32,0
2,39,1,9119,1,1,115.0,1,19,19,0,5,135.0,0,0,1,1,1,0,28,0,0,5,5,0,0.0,0,0,5,5,0,0.0,0,7.6,2.6,0.32,0
1,17,2,9085,1,1,140.0,1,37,37,9,7,125.0,1,0,0,1,0,0,18,0,0,5,15,3,14.0,3,0,5,10,4,11.75,1,9.4,-0.8,-3.12,1
1,43,1,9500,1,1,145.0,1,19,38,9,7,128.0,1,0,0,1,1,1,18,0,0,7,8,5,11.5,0,0,7,8,5,11.2,0,7.6,2.6,0.32,1
1,17,1,9773,1,1,122.0,1,1,38,5,5,120.0,0,0,0,0,0,0,19,0,0,6,7,4,13.5,0,0,6,7,5,13.5,0,12.4,0.5,1.79,0
1,1,2,9773,1,1,110.0,1,38,38,7,7,118.0,1,0,1,0,0,0,21,0,0,6,0,0,0.0,0,0,6,0,0,0.0,0,8.9,1.4,3.51,0
1,1,1,9238,1,1,138.0,1,19,38,9,9,130.0,0,0,0,1,1,0,18,0,0,6,10,5,11.0,0,0,6,10,3,12.5,0,16.2,0.3,-0.92,0
1,39,1,8014,0,1,118.0,1,37,1,7,4,98.0,1,0,0,1,0,0,25,0,0,6,8,5,11.0,0,0,6,8,5,12.0,0,15.5,2.8,-4.06,1
1,39,1,9003,1,1,133.1,1,37,37,9,9,110.0,0,0,0,1,1,0,23,0,0,6,0,0,0.0,0,0,6,0,0,0.0,0,12.7,3.7,-1.7,0
1,1,1,9119,1,1,120.0,1,37,37,9,9,115.0,1,0,0,1,1,0,20,0,0,5,10,4,11.5,0,0,5,10,4,12.0,0,10.8,1.4,1.74,1
1,17,1,9238,1,1,125.0,1,1,1,5,5,120.0,1,0,0,1,0,0,21,0,0,6,10,0,0.0,0,0,6,10,0,0.0,0,12.4,0.5,1.79,0
1,39,1,9003,1,1,133.1,1,37,37,9,9,125.0,0,0,0,1,1,0,25,0,0,6,10,6,13.0,0,0,6,12,5,12.0,0,15.5,2.8,-4.06,1
1,1,1,9500,1,1,130.0,1,37,37,9,9,118.0,1,0,0,1,0,0,22,0,0,7,12,3,12.0,0,0,7,10,3,11.0,0,13.9,-0.3,0.79,1
1,17,1,9119,1,1,125.0,1,1,1,4,4,125.0,1,0,0,1,1,0,19,0,0,5,9,0,0.0,0,0,5,10,0,0.0,0,16.2,0.3,-0.92,0
1,39,1,9003,1,1,120.0,1,37,37,9,9,110.0,0,0,0,1,1,0,24,0,0,6,11,0,0.0,0,0,6,12,0,0.0,0,13.9,-0.3,0.79,0
1,1,1,9500,1,1,133.1,1,1,1,3,5,110.0,1,0,0,1,1,0,18,0,0,7,10,6,13.0,0,0,7,11,6,12.0,0,10.8,1.4,1.74,1
1,17,1,9238,1,1,133.1,1,37,37,9,9,115.0,1,0,0,1,0,0,21,0,0,6,8,0,0.0,0,0,6,10,0,0.0,0,11.1,0.6,2.02,0
1,39,1,9003,1,1,130.0,1,37,37,9,9,128.0,1,0,0,1,1,0,27,0,0,6,12,4,11.5,0,0,6,10,5,12.0,0,12.4,0.5,1.79,1
1,1,1,9147,1,1,120.0,1,37,37,9,9,118.0,0,0,0,1,0,0,20,0,0,5,10,4,11.5,0,0,5,10,4,12.0,0,10.8,1.4,1.74,0
1,1,1,9085,1,1,130.0,1,19,37,7,7,125.0,0,0,0,1,0,0,19,0,0,6,12,5,12.0,0,0,6,13,4,13.0,0,11.1,0.6,2.02,1
1,1,1,9500,1,1,125.0,1,1,1,3,3,120.0,1,0,0,1,0,0,19,0,0,7,9,7,14.0,0,0,7,8,7,13.5,0,13.9,-0.3,0.79,1
1,1,1,9147,1,1,130.0,1,37,37,9,9,115.0,1,0,0,1,0,0,21,0,0,5,11,4,12.0,0,0,5,12,4,11.5,0,10.8,1.4,1.74,1
1,1,1,9085,1,1,130.0,1,38,38,9,9,120.0,0,0,0,1,0,0,18,0,0,6,8,3,12.0,0,0,6,7,2,11.0,0,11.1,0.6,2.02,0
1,17,1,9085,1,1,120.0,1,1,1,4,4,110.0,0,0,0,1,0,0,20,0,0,5,7,4,11.0,0,0,5,6,3,10.0,0,12.4,0.5,1.79,0
1,17,1,9085,1,1,130.0,1,1,19,9,9,125.0,0,0,0,1,0,0,20,0,0,5,8,3,11.0,0,0,5,9,4,12.0,0,10.8,1.4,1.74,1
1,1,1,9085,1,1,140.0,1,19,37,7,7,130.0,1,0,0,1,0,0,18,0,0,6,11,5,12.0,0,0,6,10,4,11.0,0,11.1,0.6,2.02,1
1,1,1,9500,1,1,140.0,1,1,1,4,4,130.0,0,0,0,1,0,0,20,0,0,7,10,7,14.0,0,0,7,11,6,13.0,0,12.4,0.5,1.79,1
1,1,1,9500,1,1,130.0,1,3,3,4,4,125.0,1,0,0,1,0,0,19,0,0,7,10,6,13.0,0,0,7,9,6,12.0,0,13.9,-0.3,0.79,1
1,1,1,9147,1,1,120.0,1,37,37,9,9,110.0,0,0,0,1,0,0,19,0,0,5,10,4,11.0,0,0,5,9,3,10.0,0,10.8,1.4,1.74,0
1,1,1,9500,1,1,125.0,1,19,37,4,4,115.0,1,0,0,1,0,0,20,0,0,7,11,6,14.0,0,0,7,10,6,13.0,0,12.4,0.5,1.79,1
1,1,1,9085,1,1,135.0,1,19,19,9,9,120.0,1,0,0,1,0,0,18,0,0,5,12,4,13.0,0,0,5,11,3,12.0,0,8.9,1.4,3.51,1
1,1,1,9147,1,1,130.0,1,1,1,9,9,115.0,1,0,0,1,0,0,20,0,0,5,11,4,12.0,0,0,5,10,4,11.0,0,10.8,1.4,1.74,1
1,1,1,9085,1,1,130.0,1,19,37,7,7,135.0,1,0,0,1,0,0,19,0,0,5,10,4,11.5,0,0,5,11,4,12.0,0,11.1,0.6,2.02,1
1,1,1,9085,1,1,125.0,1,19,37,9,9,120.0,0,0,0,1,0,0,18,0,0,6,13,5,12.0,0,0,6,12,4,11.5,0,10.8,1.4,1.74,0
1,17,1,9254,1,1,118.0,1,1,1,4,4,120.0,0,0,0,1,0,0,20,0,0,6,6,0,0.0,0,0,6,6,0,0.0,0,12.4,0.5,1.79,0
1,44,1,9130,1,1,125.0,1,1,1,4,4,125.0,1,0,0,1,1,0,19,0,0,5,6,4,11.0,0,0,5,5,0,0.0,0,10.8,1.4,1.74,1
1,17,1,9147,1,1,128.0,1,1,1,4,2,122.0,1,0,0,1,0,0,19,0,0,6,7,5,11.5,0,0,6,8,5,12.0,0,7.6,2.6,0.32,1
1,1,1,9853,1,1,130.0,1,3,1,3,7,125.0,1,0,0,1,0,0,21,0,0,6,7,5,11.0,0,0,6,7,5,11.5,0,10.8,1.4,1.74,1
1,17,1,9003,1,1,135.0,1,1,1,4,4,130.0,1,0,0,1,1,0,18,0,0,6,7,5,12.0,0,0,6,7,5,12.5,0,13.9,-0.3,0.79,1
1,39,1,9119,1,1,130.0,1,37,37,9,9,120.0,1,0,0,1,0,0,26,0,0,5,5,0,0.0,0,0,5,5,0,0.0,0,12.4,0.5,1.79,0
1,17,1,9130,1,1,120.0,1,1,1,4,4,115.0,1,0,0,1,1,0,19,0,0,6,7,5,11.0,0,0,6,8,5,11.5,0,7.6,2.6,0.32,1
1,39,1,9991,0,1,133.1,1,1,1,4,2,128.0,0,0,0,1,1,0,25,0,0,5,10,4,12.0,0,0,5,10,4,12.5,0,16.2,0.3,-0.92,1
1,17,1,9130,1,1,130.0,1,1,1,4,4,120.0,1,0,0,1,1,0,19,0,0,6,7,5,12.0,0,0,6,8,5,12.5,0,10.8,1.4,1.74,1
1,39,1,9119,1,1,133.1,1,37,37,9,9,125.0,0,0,1,0,1,0,28,0,0,5,5,0,0.0,0,0,5,5,0,0.0,0,12.4,0.5,1.79,0
1,17,1,9147,1,1,120.0,1,1,1,4,4,115.0,1,0,0,1,1,0,19,0,0,6,7,5,11.0,0,0,6,8,5,11.5,0,7.6,2.6,0.32,1
1,1,1,9254,1,1,128.0,1,1,38,5,5,118.0,0,0,1,0,0,0,23,0,0,6,10,3,10.5,0,0,6,10,3,11.0,0,16.2,0.3,-0.92,0
1,39,1,9003,1,1,110.0,1,1,1,9,4,110.0,0,0,1,0,1,0,26,0,0,6,0,0,0.0,0,0,6,0,0,0.0,0,13.9,-0.3,0.79,0
1,17,1,9238,1,1,123.0,1,37,19,9,8,115.0,1,0,0,1,0,0,19,0,0,6,10,5,11.0,0,0,6,12,4,12.0,0,12.7,3.7,-1.7,1
1,1,1,9500,1,1,133.1,1,1,38,9,9,115.0,0,0,0,1,0,0,21,0,0,7,10,6,12.5,0,0,7,11,6,12.0,0,11.1,0.6,2.02,1
1,1,1,9773,1,1,120.0,1,1,1,4,6,118.0,1,0,0,1,0,0,20,0,0,5,10,3,10.0,0,0,5,10,2,12.0,0,7.6,2.6,0.32,1
1,39,1,9003,1,1,133.1,1,37,37,9,9,130.0,0,0,1,1,0,0,25,0,0,6,0,0,0.0,0,0,6,0,0,0.0,0,15.5,2.8,-4.06,0
1,1,1,9254,1,1,125.0,1,37,37,3,3,124.0,0,0,0,1,1,1,19,0,0,6,7,6,11.0,0,0,6,6,5,12.2,0,11.1,0.6,2.02,0
1,1,1,9254,1,1,128.0,1,19,19,7,8,120.0,1,0,1,1,0,1,20,0,0,6,6,6,14.5,0,0,6,7,5,15.0,0,12.4,0.5,1.79,1
1,1,1,9070,1,1,148.0,1,1,1,4,8,141.4,0,0,0,1,1,0,19,0,0,6,0,0,0.0,0,0,6,0,0,0.0,0,15.5,2.8,-4.06,0
1,17,1,9130,1,1,157.0,1,3,2,3,6,150.9,1,0,0,1,0,0,18,0,0,6,8,6,15.0,0,0,6,8,5,15.166666666666666,0,13.9,-0.3,0.79,0
1,39,1,9670,1,1,120.0,1,34,34,0,0,106.0,1,0,0,0,1,0,28,0,0,5,7,3,11.666666666666666,0,0,5,8,2,11.5,1,7.6,2.6,0.32,0
1,1,1,9254,1,1,124.0,1,37,38,9,8,114.6,1,0,0,1,1,0,19,0,0,6,13,2,12.0,0,0,6,12,1,13.0,0,7.6,2.6,0.32,0
1,1,1,9254,1,1,133.1,1,38,1,9,9,121.0,0,0,1,0,1,0,21,0,0,6,9,5,11.833333333333334,0,0,6,8,5,10.0,0,8.9,1.4,3.51,0
1,17,2,9070,1,1,127.0,1,37,37,9,9,119.3,1,1,0,1,1,1,25,0,0,6,8,4,10.25,0,0,6,6,4,11.25,0,12.7,3.7,-1.7,1
1,17,1,9147,1,1,120.0,1,1,1,9,9,115.0,1,0,0,1,0,0,20,0,0,5,7,4,11.0,0,0,5,8,2,12.0,0,11.1,0.6,2.02,1
1,1,1,9003,1,1,125.0,1,3,3,9,9,110.0,0,0,0,1,1,0,22,0,0,6,0,0,0.0,0,0,6,0,0,0.0,0,16.2,0.3,-0.92,0
1,42,1,9500,1,1,130.0,1,37,37,9,9,125.0,1,0,0,1,0,0,19,0,0,7,7,6,13.0,1,0,7,7,6,13.0,1,7.6,2.6,0.32,1
1,1,1,9147,1,1,128.0,1,1,1,9,9,120.0,0,0,0,1,1,0,19,0,0,5,8,2,11.0,0,0,5,8,1,12.0,0,7.6,2.6,0.32,1
1,39,1,9119,1,1,130.0,1,37,3,9,3,135.0,1,0,0,1,1,0,27,0,0,5,11,4,10.0,0,0,5,12,4,11.0,4,7.6,2.6,0.32,1
1,1,1,9147,1,1,128.0,1,38,38,9,7,124.0,1,0,0,1,1,0,20,0,0,5,9,0,0.0,0,0,5,9,0,12.0,0,7.6,2.6,0.32,1
1,39,1,9085,1,39,133.1,1,37,37,9,9,130.0,0,0,0,1,1,0,25,0,0,5,10,1,12.0,0,0,5,11,0,0.0,0,10.8,1.4,1.74,0
1,1,1,9500,1,1,136.0,1,3,1,3,3,120.0,1,0,0,1,1,0,18,0,0,7,8,6,11.833333333333334,0,0,7,8,6,11.833333333333334,0,7.6,2.6,0.32,1
1,1,1,9147,1,1,128.0,1,3,1,2,10,116.5,0,0,0,1,1,0,19,0,0,5,8,2,10.0,0,0,5,8,1,16.0,0,7.6,2.6,0.32,0
1,17,1,9147,1,1,118.0,1,1,38,9,9,118.4,1,0,1,1,0,0,19,0,0,5,10,2,10.5,0,0,5,5,4,11.75,0,12.4,0.5,1.79,1
1,39,1,9003,1,1,110.0,1,37,37,9,10,95.8,1,0,0,0,1,0,43,0,0,6,0,0,0.0,0,0,6,0,0,0.0,0,15.5,2.8,-4.06,0
1,39,1,9085,1,39,120.0,1,37,37,1,9,137.7,1,0,0,0,1,0,41,0,3,3,3,3,12.333333333333334,0,2,2,2,2,11.0,0,12.4,0.5,1.79,0
1,1,1,9254,1,1,115.0,1,19,1,3,7,113.6,0,0,0,1,1,0,23,0,0,6,10,6,13.0,0,0,6,9,6,12.0,0,11.1,0.6,2.02,1
1,1,1,9500,1,1,106.0,1,37,38,191,163,102.2,1,0,1,1,1,0,20,0,0,7,7,7,12.401428571428571,0,0,8,10,6,11.808333333333332,0,11.1,0.6,2.02,1
1,17,2,9254,1,1,129.0,1,12,37,9,9,122.0,1,0,0,1,0,0,18,0,0,6,15,2,10.0,0,0,6,12,0,0.0,0,10.8,1.4,1.74,0
1,39,1,9130,1,19,133.1,1,19,3,9,2,140.0,1,0,1,1,1,0,24,0,0,6,13,5,13.142857142857142,0,0,6,15,3,12.666666666666666,0,16.2,0.3,-0.92,0
1,44,1,9003,1,1,133.1,1,1,1,9,9,110.0,0,0,1,0,0,0,24,0,0,6,0,0,0.0,0,0,6,0,0,0.0,0,12.7,3.7,-1.7,0
1,39,1,9500,1,1,120.0,1,1,38,9,9,118.0,1,0,0,1,0,0,20,0,0,7,10,6,12.0,0,0,7,10,6,12.0,0,15.5,2.8,-4.06,1
1,43,1,9254,1,1,127.0,1,38,38,9,9,121.0,0,0,0,1,0,0,19,0,0,6,0,0,0.0,0,0,6,0,0,0.0,0,10.8,1.4,1.74,0
1,17,1,9085,1,1,125.0,1,1,19,4,9,118.4,1,0,0,1,0,0,21,0,0,5,13,3,11.333333333333334,2,0,5,12,2,10.5,1,9.4,-0.8,-3.12,1
1,39,1,9003,1,1,133.1,1,19,19,9,9,100.0,0,0,0,1,0,0,30,0,0,6,6,0,0.0,0,0,6,6,0,0.0,0,11.1,0.6,2.02,0
1,43,1,9500,1,1,127.0,1,19,19,4,7,121.1,0,0,0,1,0,1,18,0,0,7,11,5,12.16,0,0,7,7,2,13.4,0,16.2,0.3,-0.92,1
1,1,1,9238,1,1,116.0,1,38,19,8,10,110.8,1,0,0,1,1,0,19,0,0,6,0,0,0.0,0,0,6,0,0,0.0,0,16.2,0.3,-0.92,0
1,17,1,9853,1,1,138.0,1,38,38,7,6,124.7,1,0,0,1,0,0,18,0,0,6,11,3,12.333333333333334,0,0,6,10,5,10.833333333333334,0,9.4,-0.8,-3.12,1
1,1,1,9085,1,1,123.0,1,38,19,4,90,127.2,0,0,1,0,1,0,20,0,0,5,7,3,11.333333333333334,0,0,5,8,2,11.5,0,7.6,2.6,0.32,0
1,17,1,9130,1,1,122.0,1,19,19,9,9,121.7,1,0,0,0,0,0,22,0,0,6,0,0,0.0,0,0,2,2,0,0.0,2,9.4,-0.8,-3.12,0
1,1,1,9500,1,1,142.0,1,1,38,9,9,127.0,0,0,1,0,1,0,21,0,0,7,12,4,12.94,0,0,7,12,4,11.58,0,12.4,0.5,1.79,1
1,17,3,9147,1,1,112.0,1,1,19,3,5,107.8,1,0,0,1,0,0,19,0,0,5,7,3,10.333333333333334,0,0,5,11,3,14.428571428571429,0,10.8,1.4,1.74,1
1,39,1,33,1,1,133.1,1,19,37,9,9,96.1,0,0,0,1,1,0,25,0,0,7,13,2,15.0,0,0,7,12,2,11.5,0,12.4,0.5,1.79,0
2,39,1,9991,0,19,133.1,1,37,1,5,5,138.3,0,0,0,1,1,0,44,0,0,5,9,3,11.333333333333334,0,0,5,8,5,11.142857142857142,0,13.9,-0.3,0.79,0
1,1,1,9500,1,1,110.0,1,3,3,4,4,110.0,0,0,1,0,0,0,22,0,0,7,0,0,0.0,0,0,7,0,0,0.0,0,12.7,3.7,-1.7,0
1,1,1,9003,1,1,130.0,1,1,1,9,9,120.0,0,0,0,1,0,0,20,0,0,6,7,4,10.5,0,0,6,7,3,11.0,0,13.9,-0.3,0.79,1
1,1,1,9500,1,1,120.0,1,37,37,9,9,110.0,1,0,0,1,0,0,21,0,0,7,10,5,12.0,0,0,7,12,4,11.5,0,12.4,0.5,1.79,1
1,1,1,9670,1,1,115.0,1,1,1,4,4,105.0,0,0,0,1,0,0,19,0,0,6,6,6,13.0,0,0,6,6,5,12.0,0,10.8,1.4,1.74,1
1,1,1,9500,1,1,145.0,1,1,19,9,9,135.0,1,0,0,1,1,0,20,0,0,8,10,6,11.833333333333334,0,0,8,10,6,11.833333333333334,0,12.7,3.7,-1.7,1
1,1,1,9130,1,1,120.0,1,1,1,9,9,110.0,1,0,0,1,0,0,19,0,0,5,10,4,12.5,0,0,5,12,2,13.0,0,12.7,3.7,-1.7,1
1,39,1,9500,1,1,140.0,1,1,19,5,3,130.0,0,1,0,1,0,0,25,0,0,7,11,5,11.2,0,0,8,13,5,12.14,0,16.2,0.3,-0.92,1
1,10,1,9773,1,1,150.0,22,38,37,0,5,150.0,1,0,0,1,0,0,18,1,0,6,12,0,0.0,1,0,6,0,0,0.0,0,9.4,-0.8,-3.12,0
1,17,1,9070,1,1,110.0,1,38,19,9,9,100.0,0,0,0,1,1,1,21,0,0,6,8,4,11.5,0,0,6,7,5,11.0,0,15.5,2.8,-4.06,0
1,17,3,9119,1,1,110.0,1,3,1,3,3,110.0,1,0,0,0,1,0,18,0,0,5,8,5,12.5,0,0,5,7,5,13.571428571428571,0,12.4,0.5,1.79,0
1,1,1,9238,1,1,165.0,1,37,37,0,0,145.0,1,0,0,1,0,0,27,0,0,6,13,2,11.0,0,0,6,14,1,11.0,0,7.6,2.6,0.32,0
1,44,1,9130,1,39,115.0,1,3,1,2,4,115.0,1,0,0,1,0,0,20,0,0,6,6,0,0.0,0,0,6,6,0,0.0,0,12.4,0.5,1.79,0
1,17,1,9670,1,1,135.0,1,1,1,4,3,125.0,0,0,0,1,1,0,24,0,0,6,6,4,11.25,0,0,6,9,4,10.428571428571429,0,10.8,1.4,1.74,1
1,44,1,9003,1,39,115.0,1,1,19,4,7,115.0,0,0,0,1,1,0,23,0,1,6,6,1,11.0,0,0,6,8,0,0.0,0,15.5,2.8,-4.06,0
1,44,1,9070,1,39,115.0,1,19,1,9,3,115.0,1,0,0,1,1,0,23,0,2,7,8,5,12.2,0,5,9,10,7,12.142857142857142,1,16.2,0.3,-0.92,0
1,39,1,9500,1,1,115.0,1,37,37,9,9,95.0,0,0,0,1,1,0,34,0,0,7,15,6,11.333333333333334,0,0,7,16,4,12.6,0,16.2,0.3,-0.92,1
1,1,1,9003,1,1,130.0,1,37,37,6,6,125.0,0,0,1,0,1,0,25,0,5,12,14,6,11.0,0,3,8,8,4,13.0,0,12.4,0.5,1.79,0
1,1,1,9773,1,1,120.0,1,3,2,2,1,120.0,1,0,0,1,0,0,21,0,0,6,13,2,12.5,0,0,6,14,1,10.0,0,9.4,-0.8,-3.12,1
1,1,1,9085,1,1,130.0,1,1,1,4,3,130.0,1,0,0,1,0,0,19,0,0,6,13,0,0.0,5,0,5,5,0,0.0,5,9.4,-0.8,-3.12,1
1,39,1,9085,1,1,130.0,1,34,38,9,7,125.0,0,0,1,0,1,0,27,0,0,6,11,3,11.5,0,0,6,7,0,0.0,0,12.7,3.7,-1.7,0
1,1,1,9500,1,1,140.0,1,3,38,9,9,125.0,0,0,0,1,1,0,20,0,7,10,7,7,12.0,0,7,10,7,7,12.5,0,16.2,0.3,-0.92,1
1,39,1,9085,1,1,130.0,1,38,37,9,7,130.0,0,0,1,0,0,0,24,0,0,6,11,3,12.0,0,0,6,7,0,0.0,0,11.1,0.6,2.02,0
1,1,1,9853,1,1,125.0,1,37,37,9,9,129.2,1,0,1,0,0,0,20,0,6,12,3,10,10.5,0,6,14,1,11,11.0,0,10.8,1.4,1.74,1
1,1,1,9670,1,1,143.0,1,3,38,2,9,144.1,1,0,0,1,0,0,19,0,0,6,7,5,12.6,0,0,6,10,5,12.375,0,10.8,1.4,1.74,1
1,17,2,9254,1,1,118.0,1,19,19,5,7,121.2,0,0,0,1,1,1,18,0,0,6,12,3,10.666666666666666,0,0,6,9,4,12.0,0,15.5,2.8,-4.06,1
2,39,1,9070,1,19,133.1,1,37,37,9,10,126.3,0,0,0,0,1,0,38,0,0,6,6,0,0.0,0,0,6,8,0,0.0,0,10.8,1.4,1.74,0
1,17,1,9238,1,1,148.0,1,1,1,4,9,129.8,0,0,0,1,0,0,20,0,0,6,11,5,10.6,0,0,6,11,4,10.4,0,15.5,2.8,-4.06,1
1,17,1,9853,1,1,120.0,1,37,37,9,10,122.6,0,0,0,1,0,0,20,0,0,6,8,3,12.333333333333334,0,0,6,11,2,10.5,0,12.7,3.7,-1.7,0
1,1,1,9147,1,1,125.0,1,34,34,9,9,110.0,0,0,1,1,1,0,22,0,0,5,6,2,10.0,0,0,5,8,3,13.0,0,10.8,1.4,1.74,1
1,17,1,9254,1,1,118.0,1,38,37,0,0,115.0,1,0,0,1,0,0,20,0,0,6,8,4,11.5,0,0,6,10,3,12.0,0,10.8,1.4,1.74,0
1,5,1,9085,1,1,140.0,1,37,37,0,0,145.0,0,0,0,1,0,0,19,0,0,5,5,5,14.0,0,0,5,5,5,14.0,0,7.6,2.6,0.32,1
1,1,1,9853,1,1,135.0,1,1,1,4,4,128.0,1,0,0,1,0,0,18,0,0,6,8,5,12.0,0,0,6,7,5,11.0,0,9.4,-0.8,-3.12,1
1,7,1,9085,1,3,125.0,1,37,37,7,7,118.0,0,0,1,1,0,0,30,0,4,10,18,3,10.5,1,3,9,12,3,11.666666666666666,2,15.5,2.8,-4.06,0
1,17,1,9147,1,1,110.0,1,19,19,9,7,105.0,0,0,0,1,0,0,21,0,0,5,6,2,11.0,0,0,5,8,2,13.0,0,10.8,1.4,1.74,0
1,44,1,9003,1,39,115.0,1,38,19,3,5,115.0,0,0,0,1,1,0,23,0,0,6,6,0,0.0,0,0,6,8,0,0.0,0,15.5,2.8,-4.06,1
1,43,1,9773,1,1,130.0,22,34,34,90,90,128.0,0,0,1,1,0,0,24,1,0,6,10,1,15.0,0,0,6,9,4,12.0,0,7.6,2.6,0.32,0
1,42,1,9500,1,1,105.0,1,3,19,2,8,148.0,0,0,0,1,1,0,22,0,3,6,7,3,14.0,0,4,7,8,4,14.0,0,15.5,2.8,-4.06,1
1,39,1,9085,1,12,133.1,1,38,19,9,8,130.0,1,0,1,0,1,0,26,0,0,6,6,0,0.0,0,0,6,6,0,0.0,0,8.9,1.4,3.51,1
1,39,9,9991,0,1,122.0,1,38,38,9,5,140.0,0,0,0,1,1,0,27,0,0,5,7,3,12.0,0,0,5,7,5,14.0,0,10.8,1.4,1.74,1
1,39,1,9147,1,19,105.0,1,38,19,7,9,128.0,0,0,1,0,1,0,29,0,0,5,7,1,10.0,0,0,5,9,0,0.0,0,10.8,1.4,1.74,0
1,39,1,9670,1,1,135.0,1,34,34,0,0,100.0,1,0,0,1,0,0,25,0,0,5,9,2,12.0,0,0,5,11,3,11.0,0,7.6,2.6,0.32,0
1,17,1,9238,1,1,120.0,1,38,19,191,175,110.0,1,0,0,1,0,1,20,0,0,6,7,5,13.0,0,0,6,7,5,11.0,0,8.9,1.4,3.51,1
1,1,1,9119,1,1,133.0,1,3,1,4,1,130.0,0,0,0,1,1,0,18,0,0,5,9,2,13.0,0,0,5,7,3,10.0,1,7.6,2.6,0.32,1
1,17,1,9254,1,1,130.0,1,34,38,0,7,135.0,1,0,1,0,0,0,19,0,0,6,13,1,10.0,0,0,6,12,0,0.0,0,7.6,2.6,0.32,0
1,17,1,9085,1,1,133.0,1,1,1,9,4,110.0,0,0,0,1,0,0,19,0,0,6,13,4,11.0,0,0,6,15,5,12.0,0,12.7,3.7,-1.7,0
1,39,1,9119,1,1,133.1,1,37,19,9,3,123.0,0,0,0,1,1,1,28,0,0,5,16,3,14.333333333333334,0,0,5,9,5,12.428571428571429,0,9.4,-0.8,-3.12,1
1,1,1,9130,1,1,164.0,1,34,1,0,0,163.0,0,0,0,1,0,0,18,0,0,6,0,0,0.0,0,0,6,0,0,0.0,0,7.6,2.6,0.32,0
1,17,1,9556,1,1,133.0,1,1,38,4,9,119.0,0,0,0,1,0,0,19,0,0,7,10,6,11.15,0,0,7,7,7,12.814285714285717,0,12.7,3.7,-1.7,1
1,39,1,9991,0,1,133.1,1,1,1,4,2,127.7,0,0,0,1,0,0,25,0,0,5,12,4,12.5,0,0,5,10,4,11.0,0,13.9,-0.3,0.79,1
1,17,2,9853,1,1,138.0,1,1,1,9,4,123.0,1,0,0,1,0,0,23,0,0,6,10,5,12.8,0,0,6,9,3,11.666666666666666,0,10.8,1.4,1.74,0
2,39,1,9119,1,1,110.0,1,37,37,9,9,106.8,0,0,0,1,1,0,34,0,0,5,8,1,10.0,0,0,5,9,0,0.0,0,8.9,1.4,3.51,0
1,1,4,9070,1,1,140.0,1,4,19,2,10,125.0,1,0,0,1,1,0,19,0,0,6,7,6,12.666666666666666,0,0,6,8,6,12.142857142857142,0,9.4,-0.8,-3.12,1
1,17,1,9238,1,1,103.0,1,19,37,7,9,104.1,0,0,0,1,0,0,20,0,0,6,6,0,0.0,0,0,5,5,0,0.0,0,8.9,1.4,3.51,0
1,44,1,9085,1,39,140.0,1,4,38,4,5,140.0,1,0,0,1,0,0,21,0,0,6,11,4,12.75,0,0,6,19,1,11.0,0,12.4,0.5,1.79,1
1,43,1,9991,0,3,130.0,1,3,1,2,9,130.0,0,0,0,1,1,0,33,0,0,5,5,0,0.0,0,0,5,5,0,0.0,0,12.7,3.7,-1.7,0
1,1,1,9070,1,1,140.0,1,19,38,4,4,138.3,0,0,0,1,1,0,20,0,1,6,8,6,13.428571428571429,1,0,6,12,4,11.5,0,13.9,-0.3,0.79,1
1,5,1,9147,1,1,126.0,1,19,38,5,6,117.3,1,0,0,1,0,0,19,0,0,5,15,3,10.8,0,0,5,6,3,10.5,0,13.9,-0.3,0.79,1
1,17,1,9670,1,1,127.0,1,3,3,1,1,121.4,0,0,0,1,1,0,18,0,0,6,0,0,0.0,0,0,6,0,0,0.0,0,15.5,2.8,-4.06,0
1,1,3,9670,1,1,121.0,1,1,19,5,5,111.9,1,0,0,1,1,1,20,0,0,6,7,6,11.333333333333334,0,0,6,10,4,10.571428571428571,0,10.8,1.4,1.74,1
2,39,1,9991,0,1,100.0,1,37,37,9,9,125.3,1,0,0,1,1,0,41,0,0,5,8,4,11.25,0,0,5,8,3,11.0,1,7.6,2.6,0.32,0
1,1,1,9147,1,1,125.0,1,38,37,9,9,118.0,1,0,0,1,1,0,21,0,0,5,8,0,0.0,0,0,5,6,0,0.0,0,7.6,2.6,0.32,0
1,1,2,9500,1,1,138.0,1,37,37,9,9,139.0,1,0,1,0,0,0,18,0,0,8,7,7,13.0,0,0,8,8,7,13.0,0,10.8,1.4,1.74,0
1,1,1,9238,1,1,120.0,1,37,38,4,7,115.0,1,0,0,1,0,0,20,0,0,6,0,0,0.0,0,0,6,0,0,0.0,0,16.2,0.3,-0.92,0
1,17,3,9853,1,1,135.0,1,1,1,9,4,120.0,1,0,0,1,0,0,22,0,0,6,9,5,12.5,0,0,6,8,3,11.0,0,10.8,1.4,1.74,0
2,43,2,9991,0,1,118.0,1,37,37,9,9,125.0,1,0,0,1,1,0,31,0,0,5,5,0,0.0,0,0,5,5,0,0.0,0,7.6,2.6,0.32,0
1,1,2,9500,1,1,110.0,1,3,1,134,135,105.0,1,0,0,1,0,1,19,0,0,7,9,5,14.0,0,0,7,7,6,13.0,0,12.4,0.5,1.79,1
1,17,1,9670,1,1,112.0,1,1,1,4,4,107.0,1,0,0,1,0,1,18,0,0,6,6,6,13.0,0,0,6,8,5,14.0,0,12.4,0.5,1.79,1
1,15,2,9556,1,1,135.0,26,19,1,9,4,135.0,0,0,1,1,0,0,20,1,0,7,10,0,0.0,4,0,7,10,2,11.0,0,8.9,1.4,3.51,1
1,17,3,9254,1,1,120.0,1,1,1,4,4,120.0,1,0,0,1,0,0,18,0,0,6,6,6,11.0,0,0,6,5,6,12.0,0,13.9,-0.3,0.79,0
1,1,2,9853,1,1,110.0,1,19,37,5,5,107.0,1,0,0,1,0,0,20,0,0,7,9,4,10.0,0,0,7,6,2,10.0,0,16.2,0.3,-0.92,0
1,43,2,9991,0,1,98.0,1,3,19,1,1,115.0,0,0,0,0,1,0,39,0,0,5,4,0,0.0,0,0,5,5,0,0.0,0,10.8,1.4,1.74,0
1,1,2,9670,1,1,124.0,1,1,3,4,3,120.0,1,0,0,1,0,0,18,0,0,6,5,6,13.0,0,0,6,7,5,12.0,0,8.9,1.4,3.51,0
1,39,2,8014,0,1,130.0,1,1,19,5,4,100.0,0,0,0,1,0,1,26,0,0,6,15,1,9.0,0,0,6,12,0,0.0,0,8.9,1.4,3.51,0
1,1,2,9238,1,1,120.0,1,34,38,0,7,117.0,1,0,0,1,0,0,19,0,0,6,8,5,11.0,0,0,6,9,4,11.0,0,7.6,2.6,0.32,0
1,1,2,9556,1,1,132.0,1,1,1,1,1,130.0,0,0,0,1,1,1,20,0,0,7,13,5,11.0,0,0,8,10,6,11.0,0,16.2,0.3,-0.92,1
1,51,2,9670,1,1,130.0,1,3,1,3,10,115.0,0,0,0,1,1,0,23,0,0,6,10,5,12.0,0,0,6,11,5,13.0,0,11.1,0.6,2.02,1
1,39,1,9147,1,1,115.0,1,37,37,9,9,112.0,0,0,1,0,0,0,24,0,0,5,6,2,10.0,0,0,5,5,0,0.0,0,10.8,1.4,1.74,0
1,17,1,9853,1,1,130.0,1,38,38,9,7,125.0,1,0,0,1,0,1,19,0,0,6,11,5,13.0,0,0,6,12,5,13.0,0,9.4,-0.8,-3.12,1
1,1,3,9670,1,1,123.0,1,1,19,5,5,110.0,1,0,0,1,1,1,21,0,0,6,8,6,11.0,0,0,6,9,4,11.0,0,10.8,1.4,1.74,1
1,1,1,9070,1,1,127.0,1,19,37,4,4,128.0,0,0,0,1,0,1,18,0,1,6,7,6,12.5,1,0,6,11,5,11.5,0,13.9,-0.3,0.79,1
1,17,1,9254,1,1,138.0,1,37,37,7,7,120.0,1,0,0,1,0,0,20,0,0,6,14,3,10.0,0,0,6,12,3,10.0,0,10.8,1.4,1.74,1
1,16,3,9853,1,1,135.0,1,19,37,9,9,122.0,1,0,0,1,0,0,19,0,0,6,9,5,12.0,0,0,6,9,5,12.0,0,10.8,1.4,1.74,1
1,39,1,9147,1,1,112.0,1,37,37,9,9,111.0,0,0,1,0,1,0,25,0,0,5,5,0,0.0,0,0,5,8,0,0.0,0,10.8,1.4,1.74,0
1,44,1,9085,1,1,149.0,1,29,10,6,6,151.0,1,0,0,1,0,0,21,0,0,6,0,0,0.0,0,0,6,0,0,0.0,0,10.8,1.4,1.74,0
1,17,1,9085,1,1,136.0,1,1,1,4,7,135.0,1,0,0,1,1,0,22,0,0,6,15,0,0.0,0,0,6,7,0,0.0,0,16.2,0.3,-0.92,0
2,39,1,9500,1,1,109.0,1,37,37,9,6,115.0,0,0,0,1,0,0,40,0,0,7,0,0,0.0,0,0,8,0,0,0.0,0,10.8,1.4,1.74,0
2,39,1,9500,1,19,134.0,1,37,38,9,10,121.0,1,0,0,1,0,0,40,0,0,7,13,4,12.2,0,0,7,12,4,12.7,0,11.1,0.6,2.02,1
1,1,1,9853,1,1,141.0,1,19,19,7,7,125.0,1,0,0,1,0,0,18,0,0,7,8,6,11.8,0,0,7,9,6,13.0,0,16.2,0.3,-0.92,1
1,17,2,9556,1,1,119.0,1,37,37,5,5,112.0,1,0,0,1,0,0,31,0,0,7,8,0,0.0,0,0,8,8,0,0.0,0,16.2,0.3,-0.92,0
1,17,1,9254,1,1,133.0,1,19,1,9,4,125.0,1,0,0,1,0,0,20,0,0,6,12,3,11.5,0,0,6,10,4,11.0,0,7.6,2.6,0.32,0
1,39,1,9500,1,1,131.0,1,38,37,5,7,119.0,1,0,0,1,0,1,26,0,0,8,10,7,13.0,3,0,8,12,7,13.0,3,9.4,-0.8,-3.12,1
2,39,1,9991,0,12,133.1,1,37,34,90,90,111.0,1,0,0,1,0,0,49,0,0,5,0,0,0.0,0,0,5,0,0,0.0,0,7.6,2.6,0.32,0
1,1,1,9147,1,1,135.0,1,1,1,4,6,130.0,0,0,0,1,1,0,20,0,0,5,6,3,10.0,0,0,5,6,2,11.0,0,10.8,1.4,3.51,1
1,17,1,9070,1,1,125.0,1,37,37,9,9,120.0,0,0,0,1,1,0,22,0,0,6,8,4,11.5,0,0,6,7,3,12.0,0,15.5,2.8,-4.06,1
2,39,1,9853,1,1,130.0,1,37,37,5,5,115.0,0,0,0,1,0,0,33,0,0,7,10,1,10.5,0,0,7,7,1,13.5,0,16.2,0.3,-0.92,0
1,39,1,9991,0,39,148.0,1,19,19,9,9,149.0,0,0,0,1,1,0,23,0,0,5,7,3,11.0,0,0,5,6,0,0.0,0,10.8,1.4,1.74,0
1,17,1,9119,1,1,140.0,1,19,38,9,7,125.0,0,0,0,1,1,0,18,0,0,5,9,3,11.0,0,0,5,6,3,11.0,1,16.2,0.3,-0.92,1
1,17,1,9070,1,1,120.0,1,38,19,9,9,116.0,0,0,0,1,1,1,21,0,0,6,8,4,11.0,0,0,6,7,5,11.0,0,15.5,2.8,-4.06,0
1,42,1,9500,1,1,102.0,1,19,19,9,9,101.0,0,0,1,1,1,0,24,0,0,8,15,2,10.0,1,0,8,15,2,10.0,1,12.7,3.7,-1.7,0
1,51,1,9670,1,1,137.0,1,19,19,5,5,123.0,0,0,1,0,0,0,18,0,0,5,6,2,12.0,0,0,5,6,4,10.0,0,9.4,-0.8,-3.12,0
1,17,2,9853,1,1,128.0,1,1,19,2,10,127.0,1,0,0,1,0,0,19,0,0,6,9,5,13.5,0,0,6,8,5,10.0,0,7.6,2.6,0.32,1
1,39,1,9670,1,1,134.0,1,38,19,9,8,123.0,0,0,1,0,1,0,25,0,0,6,7,3,14.5,0,0,6,9,2,14.0,0,13.9,-0.3,0.79,0
1,1,1,9070,1,1,133.0,1,1,1,4,9,137.0,1,0,0,1,1,0,19,0,0,6,7,5,11.0,0,0,6,10,3,11.0,3,7.6,2.6,0.32,1
1,17,2,9147,1,1,134.0,1,1,1,4,4,96.0,0,0,0,1,1,0,20,0,0,5,13,0,0.0,0,0,5,5,0,0.0,0,11.1,0.6,2.02,0
1,17,3,9853,1,1,134.0,1,12,1,4,0,135.0,1,0,0,1,0,0,18,0,0,6,12,0,0.0,0,0,6,12,0,0.0,0,7.6,2.6,0.32,0
1,17,1,9238,1,1,131.0,1,37,37,9,9,124.0,1,0,0,1,0,0,18,0,0,6,9,4,11.0,0,0,6,10,4,11.0,0,7.6,2.6,0.32,1
1,1,1,9670,1,1,131.0,1,1,1,0,0,120.0,0,0,0,0,1,0,19,0,0,5,5,0,0.0,0,0,6,0,0,0.0,0,9.4,-0.8,-3.12,0
1,17,1,9670,1,1,116.0,1,1,1,4,4,110.0,1,0,0,1,0,1,19,0,0,6,7,6,13.0,0,0,6,9,5,14.0,0,12.4,0.5,1.79,1
1,39,1,9003,1,1,140.0,1,37,37,9,10,135.0,0,0,0,1,1,0,32,0,0,6,12,5,11.5,0,0,6,11,4,12.0,0,13.9,-0.3,0.79,1
1,1,1,9670,1,1,130.0,1,3,1,4,4,130.0,1,0,0,1,0,0,20,0,0,6,7,4,10.8,0,0,6,8,4,11.0,0,10.8,1.4,1.74,1
1,44,1,9003,1,39,145.0,1,1,1,6,6,145.0,0,0,0,1,1,0,23,0,0,6,11,5,11.5,0,0,6,12,5,12.0,0,15.5,2.8,-4.06,1
1,39,1,9147,1,1,133.1,1,37,37,9,10,125.0,0,0,0,1,1,0,29,0,0,5,10,3,12.0,0,0,5,11,3,12.5,0,12.4,0.5,1.79,1
1,39,1,9003,1,1,133.1,1,3,19,9,10,115.0,0,0,0,1,1,0,31,0,0,6,0,0,0.0,0,0,6,0,0,0.0,0,16.2,0.3,-0.92,0
1,1,1,9670,1,1,128.0,1,37,37,4,4,128.0,0,0,0,1,0,0,21,0,0,6,8,4,11.5,0,0,6,9,4,11.0,0,7.6,2.6,0.32,1
1,39,1,9003,1,1,120.0,1,37,37,9,9,118.0,0,0,0,1,1,0,24,0,0,6,13,0,0.0,0,0,6,10,0,0.0,0,13.9,-0.3,0.79,0
1,17,1,9003,1,1,130.0,1,1,1,4,4,130.0,1,0,0,1,1,0,19,0,0,6,8,3,10.5,0,0,6,10,3,11.0,0,15.5,2.8,-4.06,1
1,44,1,9147,1,39,140.0,1,1,1,9,9,140.0,0,0,0,1,1,0,21,0,0,5,11,4,11.5,0,0,5,10,4,11.0,0,15.5,2.8,-4.06,1
1,39,1,9500,1,1,125.0,1,37,37,9,9,115.0,0,0,0,1,1,0,30,0,0,8,10,6,12.5,0,0,8,11,6,12.0,0,13.9,-0.3,0.79,1
1,1,1,9147,1,1,132.0,1,1,1,4,4,132.0,1,0,0,1,1,0,20,0,0,5,6,5,13.0,0,0,5,8,5,12.5,0,10.8,1.4,1.74,1
1,39,1,9003,1,1,133.1,1,37,37,9,9,118.0,0,0,0,1,1,0,27,0,0,6,10,0,0.0,0,0,6,9,0,0.0,0,16.2,0.3,-0.92,0
1,39,1,9003,1,1,133.1,1,37,37,9,9,120.0,0,0,0,1,1,0,33,0,0,6,10,0,0.0,0,0,6,11,0,0.0,0,15.5,2.8,-4.06,0
1,1,1,9070,1,1,125.0,1,1,1,4,4,125.0,1,0,0,1,0,0,22,0,0,6,7,5,11.5,0,0,6,7,5,11.5,0,7.6,2.6,0.32,1
1,39,1,9003,1,1,133.1,1,1,1,9,9,120.0,0,0,0,1,1,0,35,0,0,6,12,0,0.0,0,0,6,11,0,0.0,0,15.5,2.8,-4.06,0
1,39,1,9003,1,1,133.1,1,37,37,9,9,120.0,0,0,0,1,1,0,34,0,0,6,13,0,0.0,0,0,6,12,0,0.0,0,16.2,0.3,-0.92,0
1,1,1,9003,1,1,120.0,1,37,37,9,9,110.0,0,0,0,1,1,0,20,0,0,6,7,5,11.5,0,0,6,8,5,12.0,0,15.5,2.8,-4.06,0
1,17,2,9773,1,1,140.0,1,3,3,3,5,125.0,1,0,0,1,0,0,21,0,0,5,6,2,11.0,0,0,5,7,2,10.0,0,10.8,1.4,1.74,1
1,39,1,9500,1,1,133.1,1,37,37,9,9,115.0,0,0,0,1,0,0,25,0,0,7,10,5,12.0,0,0,7,11,5,12.5,0,16.2,0.3,-0.92,0
1,1,2,9670,1,1,120.0,1,3,1,3,5,110.0,1,0,0,1,0,0,19,0,0,6,8,4,13.0,0,0,6,9,4,12.0,0,8.9,1.4,3.51,1
1,39,1,9003,1,1,133.1,1,37,37,9,9,118.0,0,0,0,1,1,0,28,0,0,7,10,4,11.5,0,0,7,10,5,11.0,0,15.5,2.8,-4.06,0
1,17,1,9147,1,1,120.0,1,37,37,9,9,115.0,0,0,0,0,1,0,23,0,0,5,6,2,10.0,0,0,5,7,3,11.0,0,13.9,-0.3,0.79,0
1,39,1,9003,1,1,133.1,1,37,37,9,9,105.0,0,0,0,1,0,0,31,0,0,7,9,5,11.0,0,0,7,8,5,11.5,0,15.5,2.8,-4.06,0
1,1,1,9147,1,1,130.0,1,37,37,9,9,118.0,0,0,0,1,0,0,20,0,0,5,8,3,12.0,0,0,5,7,2,10.0,0,10.8,1.4,1.74,1
1,39,1,9670,1,1,120.0,1,34,34,0,0,110.0,1,0,0,1,0,0,24,0,0,5,6,2,11.0,0,0,5,7,3,12.0,0,7.6,2.6,0.32,0
1,1,1,9500,1,1,130.0,1,37,37,9,9,112.0,0,0,0,1,1,0,20,0,0,7,9,5,12.5,0,0,7,10,5,13.0,0,11.1,0.6,2.02,1
1,1,1,9003,1,1,133.1,1,37,37,9,9,108.0,0,0,0,1,0,0,22,0,0,7,8,4,11.0,0,0,7,9,4,12.0,0,15.5,2.8,-4.06,0
1,1,1,9773,1,1,140.0,1,38,38,6,7,145.0,1,0,0,1,1,1,19,0,0,6,7,6,12.0,0,0,6,7,6,12.5,0,10.8,1.4,1.74,0
1,1,2,9500,1,1,120.0,1,37,37,9,9,100.0,1,0,0,1,0,0,21,0,0,7,8,5,12.0,0,0,7,9,6,13.0,0,16.2,0.3,-0.92,1
1,1,1,9147,1,1,125.0,1,1,1,4,6,120.0,1,0,0,1,0,0,18,0,0,5,6,3,11.0,0,0,5,7,3,12.0,0,7.6,2.6,0.32,1
1,39,1,9670,1,1,120.0,1,34,34,0,0,105.0,1,0,0,1,0,0,23,0,0,5,7,3,11.5,0,0,5,6,3,11.0,0,7.6,2.6,0.32,0
1,1,1,9238,1,1,120.0,1,37,37,7,9,118.0,0,0,0,1,0,0,19,0,0,6,11,4,12.5,0,0,6,8,5,11.0,0,7.6,2.6,0.32,1
1,1,1,9147,1,1,120.0,1,3,38,7,7,118.0,1,0,0,1,0,0,19,0,0,5,10,4,11.0,0,0,5,10,3,11.0,0,10.8,1.4,1.74,1
1,39,1,9500,1,1,133.1,1,37,38,9,8,125.0,0,0,0,1,0,0,25,0,0,7,12,3,12.5,0,0,7,13,3,13.0,0,13.9,-0.3,0.79,0
1,1,1,9238,1,1,130.0,1,19,19,4,3,128.0,1,0,0,1,0,0,20,0,0,6,11,5,13.0,0,0,6,12,5,13.0,0,10.8,1.4,1.74,1
1,39,1,9991,0,1,133.1,1,37,37,9,9,140.0,0,0,0,1,1,0,27,0,0,5,8,0,0.0,0,0,5,6,0,0.0,0,16.2,0.3,-0.92,0
1,1,1,9119,1,1,130.0,1,1,1,4,3,125.0,1,0,0,1,0,0,21,0,0,5,10,5,12.0,0,0,5,9,5,13.0,0,11.1,0.6,2.02,1
1,1,1,9773,1,1,140.0,1,1,38,3,3,135.0,1,0,0,1,0,0,18,0,0,6,10,6,13.0,0,0,6,11,5,13.0,0,10.8,1.4,1.74,1
1,44,1,9003,1,39,140.0,1,38,38,4,9,140.0,1,0,0,1,0,0,23,0,0,6,12,4,12.0,0,0,6,11,4,12.0,0,8.9,1.4,3.51,1
1,39,1,9500,1,1,100.0,1,19,1,9,8,110.0,1,0,1,0,0,0,30,0,0,7,8,5,12.56,0,0,7,8,5,12.56,0,7.6,2.6,0.32,0
1,1,1,9238,1,1,130.0,1,1,19,4,3,130.0,1,0,0,1,0,0,20,0,0,6,10,6,13.0,0,0,6,11,6,13.0,0,10.8,1.4,1.74,1
1,17,1,9853,1,1,138.0,1,38,38,7,6,125.0,1,0,0,1,0,0,18,0,0,6,11,3,12.333333333333334,0,0,6,10,5,10.833333333333334,0,9.4,-0.8,-3.12,1
1,39,1,9991,0,1,133.1,1,37,37,9,9,125.0,0,0,0,1,0,1,27,0,0,5,7,0,0.0,0,0,5,8,0,0.0,0,16.2,0.3,-0.92,0
1,1,1,9147,1,1,120.0,1,1,1,9,6,120.0,0,0,1,1,1,1,18,0,0,5,9,5,11.0,0,0,5,13,2,13.5,0,10.8,1.4,1.74,1
1,1,2,9254,1,1,133.1,1,38,19,3,3,98.0,0,0,0,1,1,0,26,0,0,6,6,0,0.0,0,0,6,12,0,0.0,0,10.8,1.4,1.74,0
1,39,1,8014,0,1,133.1,1,37,37,9,8,121.0,0,0,1,0,0,0,44,0,2,8,12,4,12.0,2,2,7,9,4,12.0,2,8.9,1.4,3.51,0
1,1,1,9119,1,1,132.0,1,1,12,3,3,133.1,1,0,0,1,1,0,19,0,0,5,7,3,12.0,0,0,6,10,2,10.5,0,11.1,0.6,2.02,0
1,17,1,9670,1,1,133.0,1,19,37,9,8,121.8,1,0,0,1,1,0,22,0,0,6,0,0,0.0,0,0,6,0,0,0.0,0,13.9,-0.3,0.79,0
1,1,1,9147,1,1,120.0,1,19,19,5,7,115.0,0,0,1,0,0,0,23,0,0,5,0,0,0.0,0,0,5,0,0,0.0,0,12.7,3.7,-1.7,0
1,39,1,9991,0,1,133.1,1,37,37,9,9,110.0,0,0,0,1,1,0,22,0,0,5,6,3,11.0,0,0,5,6,3,11.0,0,12.4,0.5,1.79,1
1,17,1,9085,1,1,140.0,1,3,3,4,4,140.0,0,0,0,1,0,1,21,0,0,6,12,4,13.0,0,0,6,11,4,12.0,0,12.7,3.7,-1.7,1
1,39,1,9003,1,1,125.0,1,37,37,9,9,125.0,0,0,0,1,0,0,28,0,0,6,10,5,12.0,0,0,6,10,5,12.0,0,12.4,0.5,1.79,0
1,17,1,9254,1,1,135.0,1,19,19,5,7,135.0,1,0,0,1,1,0,19,0,0,6,14,2,11.0,0,0,6,13,3,11.0,0,7.6,2.6,0.32,1
1,1,1,9130,1,1,130.0,1,1,1,4,4,130.0,0,0,0,1,1,0,24,0,0,6,12,4,12.0,0,0,6,12,4,12.0,0,12.4,0.5,1.79,1
1,39,1,9003,1,1,140.0,1,19,19,9,9,140.0,1,0,0,1,0,0,20,0,0,6,13,3,11.0,0,0,6,12,3,11.0,0,12.4,0.5,1.79,0
1,1,1,9147,1,1,120.0,1,1,1,5,7,120.0,0,0,0,1,0,0,21,0,0,6,10,5,12.0,0,0,6,10,5,12.0,0,7.6,2.6,0.32,1
1,39,1,9991,0,1,133.1,1,37,37,9,9,133.2,0,0,0,1,0,0,25,0,0,5,0,0,0.0,0,0,5,0,0,0.0,0,12.7,3.7,-1.7,0
1,17,1,9085,1,1,133.1,1,3,3,4,4,133.2,1,0,0,1,0,1,20,0,0,6,10,4,12.0,0,0,6,11,4,12.0,0,12.7,3.7,-1.7,1
1,39,1,9991,0,1,133.1,1,37,37,9,9,133.2,0,0,0,1,0,0,26,0,0,5,10,0,0.0,0,0,5,10,0,0.0,0,12.7,3.7,-1.7,0
1,1,1,9500,1,1,139.0,1,37,38,6,6,121.3,1,0,1,1,0,1,19,0,0,8,10,6,11.833333333333334,0,0,8,10,6,11.833333333333334,0,9.4,-0.8,-3.12,1
1,17,1,9130,1,1,120.0,1,3,3,4,4,120.0,1,0,0,1,1,0,22,0,0,6,12,4,12.0,0,0,6,12,4,12.0,0,12.4,0.5,1.79,1
1,1,1,9147,1,1,120.0,1,19,19,5,7,120.0,0,0,0,1,1,0,21,0,0,5,10,5,12.0,0,0,5,10,5,12.0,0,7.6,2.6,0.32,1
1,39,1,9991,0,1,133.1,1,37,37,9,9,133.2,0,0,0,1,1,0,23,0,0,5,0,0,0.0,0,0,5,0,0,0.0,0,12.7,3.7,-1.7,0
1,1,1,9500,1,1,125.0,1,37,38,6,6,122.0,1,0,1,1,0,1,19,0,0,8,10,6,11.833333333333334,0,0,8,10,6,11.833333333333334,0,9.4,-0.8,-3.12,1
1,39,1,9130,1,1,125.0,1,1,1,9,9,130.0,0,0,0,1,1,0,22,0,0,6,10,3,11.666666666666666,0,0,6,7,4,12.25,0,12.7,3.7,-1.7,0
1,1,1,9119,1,1,135.0,1,1,1,3,3,120.0,1,0,0,1,1,0,20,0,0,5,6,5,12.0,0,0,5,6,4,12.5,0,8.9,1.4,3.51,1
1,44,1,9085,1,39,150.0,1,1,1,4,8,155.0,1,0,0,1,0,0,21,0,0,6,0,0,0.0,0,0,6,0,0,0.0,0,16.2,0.3,-0.92,0
1,39,1,9147,1,1,120.0,1,37,37,9,9,125.0,1,0,0,1,0,0,23,0,0,5,10,3,11.0,0,0,5,9,3,12.0,0,7.6,2.6,0.32,0
1,1,1,9500,1,1,130.0,1,3,3,2,2,120.0,1,0,0,1,1,0,19,0,0,7,10,6,13.0,0,0,7,11,5,12.5,0,11.1,0.6,2.02,1
1,17,1,9119,1,1,140.0,1,3,3,9,9,130.0,0,0,0,1,1,0,24,0,0,5,5,0,0.0,0,0,5,5,0,0.0,0,10.8,1.4,1.74,0
1,1,1,9773,1,1,125.0,1,1,1,3,3,115.0,0,0,0,1,0,0,19,0,0,6,6,6,12.0,0,0,6,6,6,11.833333333333334,0,12.7,3.7,-1.7,0
1,1,1,9119,1,1,130.0,1,3,19,2,9,125.0,1,0,0,1,1,0,18,0,0,5,5,5,12.0,0,0,5,6,4,12.5,0,8.9,1.4,3.51,1
1,39,1,9147,1,12,133.1,1,1,1,9,4,135.0,1,0,1,0,1,0,25,0,0,5,5,0,0.0,0,0,5,5,0,0.0,0,9.4,-0.8,-3.12,0
1,1,1,9254,1,1,120.0,1,37,37,9,9,115.0,1,0,0,1,0,0,20,0,0,6,12,4,11.5,0,0,6,10,3,12.0,0,10.8,1.4,1.74,1
1,1,1,9003,1,1,130.0,1,3,2,2,6,110.0,0,0,0,0,1,0,35,0,0,6,8,0,0.0,0,0,6,10,0,0.0,0,16.2,0.3,-0.92,0
1,17,1,9147,1,1,135.0,1,1,1,9,3,125.0,1,0,0,1,1,0,18,0,0,5,7,3,12.0,0,0,5,6,4,12.5,0,15.5,2.8,-4.06,1
1,43,1,9500,1,1,125.0,1,19,19,9,5,110.0,0,0,0,1,0,0,22,0,0,7,11,6,12.0,0,0,7,7,7,13.0,0,13.9,-0.3,0.79,1
1,39,1,9991,0,1,130.0,1,37,37,9,9,130.0,0,0,0,1,1,0,33,0,0,5,5,0,0.0,0,0,5,5,0,0.0,0,10.8,1.4,1.74,0
1,1,1,9773,1,1,120.0,1,3,2,2,1,110.0,1,0,0,1,1,0,21,0,0,6,13,2,12.0,0,0,6,14,1,10.0,0,7.6,2.6,0.32,1
1,1,1,9670,1,1,120.0,1,1,19,9,9,115.0,1,0,0,1,0,0,18,0,0,6,7,6,12.0,0,0,6,10,3,12.0,0,13.9,-0.3,0.79,1
